feature_index,Chromosome,Start,End,selection_count,selection_freq
2184,17,35076296,35282086,30,1.0
2742,22,37683612,37705310,15,0.5
999,8,166452,181530,11,0.36666666666666664
672,5,69274433,70345552,11,0.36666666666666664
2105,17,22485675,22508198,10,0.3333333333333333
1001,8,822927,1136619,9,0.3
192,1,149369522,149394958,9,0.3
2104,17,22399576,22459548,9,0.3
1079,8,39356595,39363050,9,0.3
2021,16,68710277,68751390,9,0.3
1000,8,184617,808139,8,0.26666666666666666
2106,17,22560433,22614479,8,0.26666666666666666
2154,17,29882787,30323137,8,0.26666666666666666
230,1,199087690,199111062,8,0.26666666666666666
1243,9,42913008,43066618,8,0.26666666666666666
1142,8,97639200,98703368,8,0.26666666666666666
1146,8,101808084,102428770,8,0.26666666666666666
1067,8,37636761,37737912,7,0.23333333333333334
1069,8,37896364,38162018,7,0.23333333333333334
2070,17,3393853,4388997,7,0.23333333333333334
226,1,193480150,193527058,7,0.23333333333333334
985,7,143321677,143391065,7,0.23333333333333334
673,5,70422297,70698794,7,0.23333333333333334
674,5,70716278,70721505,7,0.23333333333333334
2030,16,72933295,73012768,7,0.23333333333333334
2771,23,1702016,1706462,7,0.23333333333333334
1004,8,3635646,4294791,7,0.23333333333333334
1134,8,86741736,88440494,7,0.23333333333333334
1136,8,88534367,91007791,7,0.23333333333333334
1140,8,96256921,97415885,7,0.23333333333333334
1141,8,97415915,97633935,7,0.23333333333333334
2213,17,41062669,41447005,7,0.23333333333333334
1143,8,98721543,100441109,7,0.23333333333333334
1064,8,36779836,36973293,7,0.23333333333333334
1065,8,37028146,37290782,7,0.23333333333333334
2770,23,1672003,1687507,7,0.23333333333333334
1019,8,16701627,17310921,6,0.2
1020,8,17316883,18940172,6,0.2
1021,8,18983405,19153325,6,0.2
2439,18,75205199,75248694,6,0.2
2624,20,48228815,48242575,6,0.2
2625,20,48249501,48416335,6,0.2
2628,20,48849156,48891203,6,0.2
2629,20,48906328,50098541,6,0.2
2420,18,28288419,29558913,6,0.2
75,1,43848683,44593810,6,0.2
1022,8,19181564,21447923,6,0.2
1023,8,21490551,22657603,6,0.2
1024,8,22663858,23132039,6,0.2
1025,8,23137151,25096564,6,0.2
1026,8,25114132,25774629,6,0.2
1027,8,25782621,26587838,6,0.2
1028,8,26613950,27431467,6,0.2
1029,8,27439677,28182114,6,0.2
736,6,7879466,9392103,6,0.2
739,6,12512986,14535258,6,0.2
740,6,14553443,16323782,6,0.2
743,6,18550170,19001738,6,0.2
746,6,22060377,24236375,6,0.2
1030,8,28208003,28538941,6,0.2
1031,8,28568337,28877291,6,0.2
1032,8,28883487,29205723,6,0.2
1033,8,29233976,29264810,6,0.2
1034,8,29281419,29430834,6,0.2
1035,8,29497110,29571339,6,0.2
1036,8,29592601,30101874,6,0.2
1037,8,30109992,30278937,6,0.2
1038,8,30302476,30776804,6,0.2
1039,8,30786432,30939857,6,0.2
1040,8,30952516,31295499,6,0.2
1041,8,31336091,31896351,6,0.2
2379,17,77442683,77478901,6,0.2
2415,18,19733211,22259536,6,0.2
1042,8,31906730,32154763,6,0.2
1043,8,32161837,32407642,6,0.2
1044,8,32418860,32553445,6,0.2
1045,8,32567438,32617200,6,0.2
723,6,334423,600935,6,0.2
724,6,611289,618999,6,0.2
726,6,655129,1291357,6,0.2
731,6,1535319,2846224,6,0.2
732,6,2851182,4639919,6,0.2
733,6,4651403,4923955,6,0.2
734,6,4933188,6340443,6,0.2
735,6,6356121,7863271,6,0.2
1046,8,32625061,32786232,6,0.2
1047,8,32812909,32947324,6,0.2
1048,8,32962484,33337952,6,0.2
1049,8,33344787,34072415,6,0.2
2209,17,39139634,39275931,6,0.2
2210,17,39280577,40847517,6,0.2
2211,17,40859120,40926154,6,0.2
2212,17,41011530,41041674,6,0.2
2214,17,41458670,41494331,6,0.2
2218,17,41983407,42049540,6,0.2
2219,17,42161364,42296514,6,0.2
2220,17,42301553,42639030,6,0.2
2221,17,42648686,42873571,6,0.2
2223,17,43036086,43085236,6,0.2
2224,17,43100477,43148025,6,0.2
2196,17,36083031,36242899,6,0.2
2197,17,36250672,36351895,6,0.2
2202,17,37055494,37151062,6,0.2
2203,17,37158903,37306855,6,0.2
2205,17,37416931,38029088,6,0.2
2206,17,38035466,38070950,6,0.2
2207,17,38077519,38710043,6,0.2
2208,17,38784700,39114890,6,0.2
2157,17,30532205,30922368,6,0.2
2158,17,30926421,30953397,6,0.2
2159,17,30969234,31172667,6,0.2
2160,17,31182810,31330891,6,0.2
2161,17,31334408,31456645,6,0.2
2162,17,31461588,31504564,6,0.2
2163,17,31889297,31959669,6,0.2
2164,17,31965989,32176678,6,0.2
2176,17,34130896,34211434,6,0.2
1050,8,34104577,34785140,6,0.2
1051,8,34801779,34987140,6,0.2
1052,8,35005401,35166837,6,0.2
1053,8,35204286,35426691,6,0.2
1054,8,35453083,35676140,6,0.2
1055,8,35694285,35751327,6,0.2
1056,8,35761900,35857879,6,0.2
1057,8,35875555,36133992,6,0.2
1058,8,36153626,36327657,6,0.2
1059,8,36347029,36416687,6,0.2
1060,8,36426253,36481039,6,0.2
1061,8,36512939,36612488,6,0.2
688,5,131845023,140196482,6,0.2
690,5,140228321,140427074,6,0.2
2141,17,27463558,27702851,6,0.2
2142,17,27707501,27725649,6,0.2
2143,17,27758021,27820895,6,0.2
2144,17,27825845,28263118,6,0.2
2145,17,28278626,28550069,6,0.2
2150,17,29103472,29392501,6,0.2
2151,17,29404250,29421633,6,0.2
2152,17,29432404,29684217,6,0.2
2153,17,29697205,29855844,6,0.2
2155,17,30330617,30480991,6,0.2
2156,17,30490486,30520567,6,0.2
2127,17,25537018,25610913,6,0.2
180,1,142444242,142565191,6,0.2
691,5,140433878,142819410,6,0.2
692,5,142831583,149027600,6,0.2
693,5,149050787,150137980,6,0.2
694,5,150148732,150201145,6,0.2
695,5,150224239,152555267,6,0.2
2103,17,22315936,22324326,6,0.2
2107,17,22622230,22764692,6,0.2
2108,17,22775124,22788340,6,0.2
2109,17,22798530,22952517,6,0.2
2110,17,22978886,23005210,6,0.2
2111,17,23030260,23591463,6,0.2
2112,17,23604362,23631712,6,0.2
2113,17,23641542,23815398,6,0.2
2114,17,23820330,24085005,6,0.2
675,5,70752359,71062539,6,0.2
676,5,71077546,89933522,6,0.2
677,5,89942176,93303306,6,0.2
678,5,93308740,93320336,6,0.2
679,5,93328253,96508341,6,0.2
680,5,96522323,96603723,6,0.2
681,5,96637773,98418818,6,0.2
682,5,98471909,100277629,6,0.2
683,5,100290917,104805236,6,0.2
684,5,104851801,108410768,6,0.2
685,5,108424581,119080004,6,0.2
686,5,119108165,125801997,6,0.2
687,5,125809649,131839536,6,0.2
665,5,57220729,57800810,6,0.2
208,1,158319014,158365270,6,0.2
2099,17,21211558,21386260,6,0.2
2100,17,21393584,21442476,6,0.2
2101,17,21627596,22078642,6,0.2
666,5,57805582,58473974,6,0.2
667,5,58484078,60277014,6,0.2
668,5,60285997,62401952,6,0.2
669,5,62457701,65999278,6,0.2
670,5,66011537,68773114,6,0.2
671,5,68785515,68850823,6,0.2
1062,8,36627162,36673994,6,0.2
1063,8,36719696,36769058,6,0.2
998,8,63810,90816,6,0.2
1002,8,1152551,2563316,6,0.2
1066,8,37317937,37617735,6,0.2
1003,8,2586264,3627077,6,0.2
1068,8,37746286,37882239,6,0.2
1005,8,4299996,4692082,6,0.2
1070,8,38168564,38303346,6,0.2
1071,8,38313929,38522146,6,0.2
2631,20,51282489,52306283,6,0.2
2071,17,4393276,4966472,6,0.2
2072,17,4974667,5014217,6,0.2
2074,17,5343504,7517491,6,0.2
2646,20,59216890,59833452,6,0.2
40,1,16954838,16997273,6,0.2
231,1,199135441,199222301,6,0.2
2076,17,8567837,9872633,6,0.2
2077,17,9885625,9934563,6,0.2
2078,17,9943837,11456680,6,0.2
2079,17,11469879,12854787,6,0.2
2080,17,12861144,13000886,6,0.2
2081,17,13035306,15423538,6,0.2
2051,17,1302415,1427745,6,0.2
2055,17,1531031,1536140,6,0.2
2058,17,1703729,1713758,6,0.2
2059,17,1718892,1845756,6,0.2
2064,17,1912424,2133315,6,0.2
2065,17,2145322,2286311,6,0.2
2067,17,2333732,2343255,6,0.2
2068,17,2361350,2900841,6,0.2
2069,17,2914621,3387328,6,0.2
2038,16,86874711,86968529,6,0.2
2041,17,10999,29169,6,0.2
2042,17,48539,59739,6,0.2
257,1,239391358,239517083,6,0.2
2044,17,403833,443042,6,0.2
2046,17,451258,453784,6,0.2
2047,17,457721,461603,6,0.2
2048,17,465054,974692,6,0.2
2049,17,984101,1003742,6,0.2
1072,8,38534092,38573218,6,0.2
1073,8,38599339,38743232,6,0.2
1074,8,38750609,38784733,6,0.2
1075,8,38796308,39003321,6,0.2
1076,8,39013480,39080885,6,0.2
1077,8,39094753,39268591,6,0.2
1078,8,39281207,39333915,6,0.2
2650,20,60378053,61007178,6,0.2
1081,8,39535655,39813797,6,0.2
1082,8,39824552,39841148,6,0.2
1083,8,39870841,39957091,6,0.2
1084,8,39962335,40121328,6,0.2
1085,8,40125478,40131470,6,0.2
2019,16,68606309,68648091,6,0.2
2652,20,61079521,61147644,6,0.2
2022,16,68838368,68874167,6,0.2
2023,16,68880321,69381055,6,0.2
2024,16,69391442,69397102,6,0.2
2026,16,69763173,70593293,6,0.2
2027,16,70601469,71161060,6,0.2
2028,16,71180297,71797476,6,0.2
2029,16,71838028,72906433,6,0.2
1006,8,4708444,5657660,6,0.2
2031,16,73022578,73030029,6,0.2
2032,16,73043507,76974056,6,0.2
2036,16,86462708,86560114,6,0.2
1886,15,19860116,19886840,6,0.2
1887,15,19910867,20060061,6,0.2
2004,16,54354643,54379834,6,0.2
396,3,46761824,46823673,6,0.2
2016,16,66324844,67303969,6,0.2
2017,16,67314736,68371045,6,0.2
2018,16,68378218,68531989,6,0.2
1086,8,40137595,40540201,6,0.2
1087,8,40546119,41025130,6,0.2
1088,8,41074444,41272917,6,0.2
1089,8,41279137,41562453,6,0.2
1090,8,41575958,42118548,6,0.2
1091,8,42123757,42175380,6,0.2
1092,8,42191493,42325689,6,0.2
1093,8,42333867,42484474,6,0.2
1094,8,42492780,42651517,6,0.2
1095,8,42663013,42899872,6,0.2
1007,8,5677578,5923347,6,0.2
1101,8,47575650,47718854,6,0.2
1604,12,9528590,9585156,6,0.2
1773,14,19154992,19216369,6,0.2
1882,15,18722595,18790589,6,0.2
1885,15,19805960,19845942,6,0.2
1116,8,62009253,64404832,6,0.2
1117,8,64430407,65154750,6,0.2
1120,8,68236561,69486500,6,0.2
1122,8,69601839,71105403,6,0.2
1123,8,71114730,72584340,6,0.2
1124,8,72600927,73538243,6,0.2
1125,8,73566583,74092303,6,0.2
1008,8,5952862,6907624,6,0.2
1126,8,74108126,74822651,6,0.2
1127,8,74834389,76915325,6,0.2
1129,8,78683881,80171898,6,0.2
1130,8,80201442,82469298,6,0.2
1131,8,82493004,83964171,6,0.2
1132,8,83989363,86575296,6,0.2
1133,8,86580354,86725974,6,0.2
1009,8,7040596,7261418,6,0.2
1135,8,88445621,88492810,6,0.2
1011,8,8117271,8132139,6,0.2
1137,8,91015577,92330975,6,0.2
1138,8,92340223,94807075,6,0.2
1139,8,94809183,96249780,6,0.2
1012,8,8148437,11897919,6,0.2
1179,8,129784096,131534968,6,0.2
1180,8,131578988,133842009,6,0.2
1181,8,133850058,135582453,6,0.2
1182,8,135587578,136878332,6,0.2
1183,8,136914379,137301071,6,0.2
1184,8,137337404,139849337,6,0.2
1185,8,139857344,140647674,6,0.2
1186,8,140666163,142443623,6,0.2
1187,8,142452855,143775535,6,0.2
1188,8,143780031,144945861,6,0.2
1189,8,144953439,145949490,6,0.2
1190,8,145962567,146264846,6,0.2
1165,8,121164402,122030584,6,0.2
1166,8,122056726,122518495,6,0.2
1167,8,122563718,123364225,6,0.2
1168,8,123393035,123990378,6,0.2
1097,8,43143792,43155815,6,0.2
1170,8,124015208,124217100,6,0.2
1171,8,124226195,125428423,6,0.2
1172,8,125436684,125595512,6,0.2
1173,8,125614708,126552359,6,0.2
470,3,164038925,164101784,6,0.2
1174,8,126589494,127668868,6,0.2
1175,8,127689556,127938480,6,0.2
1176,8,127952070,128717669,6,0.2
1177,8,128767860,128892972,6,0.2
1178,8,128905144,129748492,6,0.2
1150,8,105857203,107203129,6,0.2
1151,8,107262122,107851240,6,0.2
1152,8,107865666,108926406,6,0.2
1153,8,108963119,110219485,6,0.2
1154,8,110237460,111332167,6,0.2
1155,8,111366937,112386078,6,0.2
1156,8,112428669,113232393,6,0.2
1157,8,113259394,114138964,6,0.2
1158,8,114153939,114208361,6,0.2
1159,8,114214217,115827427,6,0.2
1160,8,115852788,116921245,6,0.2
1162,8,117915188,119933236,6,0.2
1163,8,119955970,120250296,6,0.2
1164,8,120266140,121155354,6,0.2
1013,8,11903901,12448374,6,0.2
1014,8,12511855,12602139,6,0.2
1015,8,12623479,14185328,6,0.2
1144,8,100449572,100905868,6,0.2
1145,8,100916665,101800174,6,0.2
1016,8,14193778,14291793,6,0.2
1147,8,102442641,103122693,6,0.2
1148,8,103130143,104962929,6,0.2
1149,8,104974429,105842700,6,0.2
2654,20,61439887,61785766,6,0.2
2721,22,22681244,22690716,6,0.2
2722,22,22695759,22714749,6,0.2
1017,8,14298266,16315130,6,0.2
2760,23,3229,45135,6,0.2
2762,23,268930,281246,6,0.2
2763,23,282116,343473,6,0.2
2764,23,354639,380891,6,0.2
2765,23,384298,385792,6,0.2
1018,8,16373516,16668380,6,0.2
1169,8,123998961,124006623,6,0.2
827,6,106034811,106363651,5,0.16666666666666666
31,1,12833868,13002452,5,0.16666666666666666
2752,22,41917843,42643973,5,0.16666666666666666
2751,22,41307174,41912419,5,0.16666666666666666
857,6,136561135,136680507,5,0.16666666666666666
858,6,136687816,137521284,5,0.16666666666666666
859,6,137534872,137928470,5,0.16666666666666666
860,6,137982450,139107896,5,0.16666666666666666
861,6,139119957,139765820,5,0.16666666666666666
862,6,139797732,140252392,5,0.16666666666666666
863,6,140293024,140905063,5,0.16666666666666666
864,6,140939171,142310445,5,0.16666666666666666
865,6,142327743,142777918,5,0.16666666666666666
866,6,142788191,144116578,5,0.16666666666666666
867,6,144123196,146421012,5,0.16666666666666666
868,6,146437674,146587408,5,0.16666666666666666
869,6,146601815,147881278,5,0.16666666666666666
870,6,147893082,148854440,5,0.16666666666666666
2637,20,55279536,55296265,5,0.16666666666666666
2638,20,55315764,55877718,5,0.16666666666666666
1128,8,76956931,78656441,5,0.16666666666666666
1204,9,6631759,6684944,5,0.16666666666666666
1206,9,7319454,7723767,5,0.16666666666666666
1211,9,14064086,15257912,5,0.16666666666666666
1212,9,15263240,15413878,5,0.16666666666666666
463,3,143686906,144718154,5,0.16666666666666666
486,3,196908262,196937230,5,0.16666666666666666
1161,8,116969946,117894149,5,0.16666666666666666
491,4,62447,79281,5,0.16666666666666666
492,4,81744,90787,5,0.16666666666666666
493,4,96888,175366,5,0.16666666666666666
494,4,185368,826605,5,0.16666666666666666
496,4,846154,890807,5,0.16666666666666666
499,4,3556852,3568531,5,0.16666666666666666
501,4,3673803,4147283,5,0.16666666666666666
834,6,111038086,111980766,5,0.16666666666666666
1213,9,15423811,15597236,5,0.16666666666666666
1214,9,15605655,17354927,5,0.16666666666666666
1215,9,17369886,19203822,5,0.16666666666666666
1216,9,19218097,20705351,5,0.16666666666666666
1217,9,20707840,21648291,5,0.16666666666666666
1218,9,21698371,22292223,5,0.16666666666666666
1224,9,27239620,29186207,5,0.16666666666666666
1288,10,115544,371707,5,0.16666666666666666
1289,10,377954,2223419,5,0.16666666666666666
1290,10,2235932,2639937,5,0.16666666666666666
1291,10,2654619,3125483,5,0.16666666666666666
1293,10,3183516,4945256,5,0.16666666666666666
1294,10,4952746,6573717,5,0.16666666666666666
1405,11,234177,263286,5,0.16666666666666666
1406,11,270778,293829,5,0.16666666666666666
514,4,37025175,37407426,5,0.16666666666666666
1416,11,11183773,12966647,5,0.16666666666666666
1596,12,412868,427816,5,0.16666666666666666
1741,13,56645552,56673183,5,0.16666666666666666
1774,14,19268776,19330937,5,0.16666666666666666
1775,14,19350230,19397709,5,0.16666666666666666
1883,15,18835660,18884436,5,0.16666666666666666
1884,15,19109124,19465359,5,0.16666666666666666
1102,8,47740011,48934830,5,0.16666666666666666
1103,8,48952907,49214104,5,0.16666666666666666
1104,8,49291873,50106229,5,0.16666666666666666
1121,8,69491717,69596562,5,0.16666666666666666
506,4,9490990,15375010,5,0.16666666666666666
509,4,26278444,30019771,5,0.16666666666666666
510,4,30083533,30560722,5,0.16666666666666666
511,4,30573671,31049842,5,0.16666666666666666
513,4,36738699,36983238,5,0.16666666666666666
1950,16,155724,182983,5,0.16666666666666666
2009,16,55038003,56457183,5,0.16666666666666666
2010,16,56463550,56765910,5,0.16666666666666666
2012,16,58452085,59295365,5,0.16666666666666666
2013,16,59325545,61138989,5,0.16666666666666666
2014,16,61163269,63210535,5,0.16666666666666666
2015,16,63246412,66317225,5,0.16666666666666666
1096,8,42917603,43133142,5,0.16666666666666666
1098,8,43167926,43254441,5,0.16666666666666666
1099,8,43264404,43419507,5,0.16666666666666666
1100,8,43452736,43515874,5,0.16666666666666666
1407,11,297092,3320321,5,0.16666666666666666
1408,11,3327942,5733442,5,0.16666666666666666
1409,11,5742476,5762182,5,0.16666666666666666
1414,11,7803570,10028138,5,0.16666666666666666
1415,11,10046146,11172422,5,0.16666666666666666
2066,17,2286862,2330659,5,0.16666666666666666
2039,16,86985669,88124384,5,0.16666666666666666
2040,16,88130840,88690571,5,0.16666666666666666
2043,17,66107,390571,5,0.16666666666666666
266,1,245054641,245071941,5,0.16666666666666666
267,1,245082256,245121447,5,0.16666666666666666
2045,17,444378,446414,5,0.16666666666666666
2050,17,1008443,1295205,5,0.16666666666666666
620,5,763494,786455,5,0.16666666666666666
621,5,802518,826044,5,0.16666666666666666
1080,8,39368509,39505256,5,0.16666666666666666
2020,16,68667006,68679377,5,0.16666666666666666
2025,16,69417987,69744010,5,0.16666666666666666
2035,16,83310258,86444508,5,0.16666666666666666
1906,15,39590440,39979013,5,0.16666666666666666
1907,15,39989024,40217541,5,0.16666666666666666
2093,17,20234571,20521986,5,0.16666666666666666
2094,17,20569693,20596699,5,0.16666666666666666
2095,17,20618474,20721661,5,0.16666666666666666
2096,17,20727682,20882716,5,0.16666666666666666
2097,17,20891730,20949831,5,0.16666666666666666
2098,17,20959898,21204422,5,0.16666666666666666
2102,17,22129889,22142513,5,0.16666666666666666
2073,17,5031837,5332851,5,0.16666666666666666
2075,17,7522884,8559106,5,0.16666666666666666
2082,17,15462570,16521872,5,0.16666666666666666
2052,17,1432975,1439166,5,0.16666666666666666
2053,17,1440363,1452762,5,0.16666666666666666
2054,17,1456417,1524691,5,0.16666666666666666
2056,17,1542118,1560766,5,0.16666666666666666
2057,17,1562322,1703117,5,0.16666666666666666
2063,17,1890246,1906352,5,0.16666666666666666
698,5,157900279,159729154,5,0.16666666666666666
699,5,159735059,161722215,5,0.16666666666666666
700,5,161749783,162958203,5,0.16666666666666666
701,5,162999771,166652000,5,0.16666666666666666
702,5,166676986,169967887,5,0.16666666666666666
703,5,169983718,171644531,5,0.16666666666666666
2115,17,24093273,24104500,5,0.16666666666666666
2118,17,24253086,24258741,5,0.16666666666666666
2119,17,24265896,24395518,5,0.16666666666666666
663,5,54350373,55141379,5,0.16666666666666666
664,5,55148225,57204282,5,0.16666666666666666
2083,17,16578627,16713678,5,0.16666666666666666
2089,17,19083766,19526967,5,0.16666666666666666
2090,17,19542146,19715593,5,0.16666666666666666
2091,17,19724453,19825648,5,0.16666666666666666
2092,17,19833631,20159997,5,0.16666666666666666
2120,17,24404020,24439755,5,0.16666666666666666
2121,17,24446821,24694533,5,0.16666666666666666
2122,17,24708419,24915412,5,0.16666666666666666
2123,17,24920439,24966191,5,0.16666666666666666
2124,17,24974517,25131411,5,0.16666666666666666
2125,17,25145468,25170458,5,0.16666666666666666
2126,17,25179301,25520058,5,0.16666666666666666
2128,17,25637986,25806515,5,0.16666666666666666
2129,17,25816140,25841839,5,0.16666666666666666
2130,17,25854264,25898780,5,0.16666666666666666
2133,17,26229215,26272399,5,0.16666666666666666
2139,17,27277260,27351012,5,0.16666666666666666
179,1,142116690,142435868,5,0.16666666666666666
2140,17,27364248,27450834,5,0.16666666666666666
696,5,152572508,153979903,5,0.16666666666666666
697,5,154006451,157875296,5,0.16666666666666666
122,1,75473473,76096464,5,0.16666666666666666
123,1,76105071,76128015,5,0.16666666666666666
124,1,76167515,76719796,5,0.16666666666666666
125,1,76735134,77210667,5,0.16666666666666666
2166,17,32387558,32487357,5,0.16666666666666666
2167,17,32493219,32550413,5,0.16666666666666666
2168,17,32563736,32871918,5,0.16666666666666666
2169,17,32878910,32954357,5,0.16666666666666666
2175,17,33949805,34125663,5,0.16666666666666666
2194,17,35854781,35986154,5,0.16666666666666666
719,6,204528,238441,5,0.16666666666666666
689,5,140203440,140221835,5,0.16666666666666666
2146,17,28561477,28584812,5,0.16666666666666666
2147,17,28592613,28797008,5,0.16666666666666666
2148,17,28802490,28903337,5,0.16666666666666666
2149,17,28911341,29088941,5,0.16666666666666666
2383,17,77704506,78562654,5,0.16666666666666666
2410,18,17030723,17267405,5,0.16666666666666666
2411,18,17278237,18565403,5,0.16666666666666666
2412,18,18594203,18968555,5,0.16666666666666666
2413,18,18979399,19204173,5,0.16666666666666666
2414,18,19215149,19728233,5,0.16666666666666666
2416,18,22269177,22793854,5,0.16666666666666666
2417,18,22806771,23086108,5,0.16666666666666666
2215,17,41527705,41566540,5,0.16666666666666666
2222,17,42975134,43019545,5,0.16666666666666666
118,1,72489681,72620747,5,0.16666666666666666
2244,17,45285715,45505568,5,0.16666666666666666
2195,17,35991941,36074566,5,0.16666666666666666
2198,17,36541969,36673853,5,0.16666666666666666
2201,17,37019956,37046097,5,0.16666666666666666
2204,17,37314955,37412772,5,0.16666666666666666
2428,18,48187829,51613228,5,0.16666666666666666
2429,18,51630663,51747511,5,0.16666666666666666
2430,18,51767179,55758094,5,0.16666666666666666
737,6,9450338,11338185,5,0.16666666666666666
738,6,11346965,12462252,5,0.16666666666666666
741,6,16343597,18497312,5,0.16666666666666666
742,6,18502918,18536678,5,0.16666666666666666
744,6,19049822,20716660,5,0.16666666666666666
745,6,20726739,22048197,5,0.16666666666666666
747,6,24244934,26055528,5,0.16666666666666666
2259,17,47869349,47911139,5,0.16666666666666666
2260,17,47941897,47991776,5,0.16666666666666666
2291,17,54572159,54705018,5,0.16666666666666666
2292,17,54717870,54913363,5,0.16666666666666666
2380,17,77503378,77503685,5,0.16666666666666666
2382,17,77653668,77696106,5,0.16666666666666666
2437,18,68386012,71032530,5,0.16666666666666666
2438,18,71041018,75196415,5,0.16666666666666666
2440,18,75254596,76110964,5,0.16666666666666666
2442,19,232836,236846,5,0.16666666666666666
2630,20,50108575,51268051,5,0.16666666666666666
2418,18,23137836,24624501,5,0.16666666666666666
2419,18,24650677,28276824,5,0.16666666666666666
2421,18,29566278,30236176,5,0.16666666666666666
2422,18,30256816,36963702,5,0.16666666666666666
76,1,44600018,45223413,5,0.16666666666666666
78,1,46054586,46436383,5,0.16666666666666666
79,1,46445058,47002412,5,0.16666666666666666
2424,18,42452207,44456688,5,0.16666666666666666
2425,18,44463005,46007592,5,0.16666666666666666
2426,18,46023418,47316297,5,0.16666666666666666
2427,18,47386120,48178655,5,0.16666666666666666
2639,20,55905016,56005175,5,0.16666666666666666
2640,20,56042125,56293392,5,0.16666666666666666
2641,20,56302917,57359062,5,0.16666666666666666
2643,20,57856200,57882465,5,0.16666666666666666
38,1,16757397,16794038,5,0.16666666666666666
39,1,16799163,16836986,5,0.16666666666666666
43,1,19200088,21470929,5,0.16666666666666666
48,1,25354765,25402278,5,0.16666666666666666
2651,20,61011797,61070311,5,0.16666666666666666
1010,8,7359040,7789937,5,0.16666666666666666
2431,18,55763385,57119698,5,0.16666666666666666
2432,18,57167311,61400117,5,0.16666666666666666
2433,18,61430694,62786765,5,0.16666666666666666
2434,18,62820286,64788942,5,0.16666666666666666
2435,18,64796820,66358047,5,0.16666666666666666
2436,18,66394814,68375250,5,0.16666666666666666
2720,22,22672513,22676549,5,0.16666666666666666
828,6,106401543,108269233,5,0.16666666666666666
829,6,108294479,109435745,5,0.16666666666666666
830,6,109441576,110404222,5,0.16666666666666666
831,6,110408187,110448454,5,0.16666666666666666
832,6,110490286,110621141,5,0.16666666666666666
833,6,110630205,111025278,5,0.16666666666666666
854,6,135286400,135498058,5,0.16666666666666666
808,6,77126953,77532707,5,0.16666666666666666
812,6,79101978,79133892,5,0.16666666666666666
813,6,79161515,80141390,5,0.16666666666666666
814,6,80170446,80661257,5,0.16666666666666666
815,6,80681800,81065819,5,0.16666666666666666
816,6,81088018,85574506,5,0.16666666666666666
855,6,135520431,136095714,5,0.16666666666666666
856,6,136159988,136555576,5,0.16666666666666666
835,6,111990899,112201862,5,0.16666666666666666
836,6,112208462,113294566,5,0.16666666666666666
837,6,113313043,113625048,5,0.16666666666666666
838,6,113685697,115481584,5,0.16666666666666666
839,6,115539064,119256600,5,0.16666666666666666
840,6,119263604,122326220,5,0.16666666666666666
841,6,122354776,122673457,5,0.16666666666666666
842,6,122710361,123097090,5,0.16666666666666666
843,6,123114345,125128655,5,0.16666666666666666
844,6,125139481,126167412,5,0.16666666666666666
845,6,126178515,126234252,5,0.16666666666666666
846,6,126241146,127397419,5,0.16666666666666666
851,6,133447975,135173194,5,0.16666666666666666
852,6,135204537,135259324,5,0.16666666666666666
853,6,135272442,135280233,5,0.16666666666666666
2653,20,61157226,61433460,5,0.16666666666666666
2697,21,44069095,44225285,4,0.13333333333333333
11,1,2611444,2641811,4,0.13333333333333333
2769,23,1317216,1398694,4,0.13333333333333333
2696,21,43951640,44063684,4,0.13333333333333333
2693,21,42756544,43058520,4,0.13333333333333333
2754,22,43357607,45400818,4,0.13333333333333333
17,1,2882919,2901629,4,0.13333333333333333
16,1,2870100,2880675,4,0.13333333333333333
405,3,64100021,65243724,4,0.13333333333333333
404,3,60825422,64093778,4,0.13333333333333333
402,3,54381805,55759111,4,0.13333333333333333
401,3,50330225,54374166,4,0.13333333333333333
400,3,50277922,50326943,4,0.13333333333333333
1849,14,73106558,73114128,4,0.13333333333333333
826,6,102825672,106012872,4,0.13333333333333333
873,6,149845177,151256488,4,0.13333333333333333
872,6,148925597,149834816,4,0.13333333333333333
2655,20,61795796,62379059,4,0.13333333333333333
45,1,21558697,22668805,4,0.13333333333333333
1744,13,59551837,62339014,4,0.13333333333333333
1742,13,56770498,59473015,4,0.13333333333333333
1789,14,21518235,22000194,4,0.13333333333333333
1788,14,21464924,21511829,4,0.13333333333333333
2634,20,53167045,53924842,4,0.13333333333333333
2633,20,52993159,53135675,4,0.13333333333333333
2627,20,48593705,48841772,4,0.13333333333333333
2626,20,48496717,48586022,4,0.13333333333333333
2623,20,47912984,48215177,4,0.13333333333333333
2622,20,47889476,47900752,4,0.13333333333333333
810,6,78930885,78983276,4,0.13333333333333333
809,6,77558013,78882312,4,0.13333333333333333
850,6,132048194,133414796,4,0.13333333333333333
849,6,131304839,132036965,4,0.13333333333333333
848,6,128614174,131296266,4,0.13333333333333333
847,6,127419048,128608361,4,0.13333333333333333
1872,14,105857193,105881279,4,0.13333333333333333
411,3,73545783,75469606,4,0.13333333333333333
410,3,71570203,73535935,4,0.13333333333333333
409,3,71105921,71561684,4,0.13333333333333333
408,3,69736891,71096721,4,0.13333333333333333
407,3,69036237,69714887,4,0.13333333333333333
406,3,65284372,69024511,4,0.13333333333333333
1908,15,40224293,41638388,4,0.13333333333333333
60,1,31136968,31957740,4,0.13333333333333333
59,1,31006782,31124964,4,0.13333333333333333
914,7,25362742,25970530,4,0.13333333333333333
913,7,23318666,25286039,4,0.13333333333333333
2644,20,57890534,58492654,4,0.13333333333333333
2642,20,57414372,57840795,4,0.13333333333333333
2636,20,54435895,55268661,4,0.13333333333333333
2635,20,53960052,54427320,4,0.13333333333333333
1958,16,16174751,18701570,4,0.13333333333333333
1954,16,9048939,13407657,4,0.13333333333333333
1953,16,4670009,9018298,4,0.13333333333333333
1952,16,2505009,4665784,4,0.13333333333333333
1951,16,191307,2499608,4,0.13333333333333333
1949,16,41636,151666,4,0.13333333333333333
77,1,45231107,46047207,4,0.13333333333333333
74,1,42754729,43839204,4,0.13333333333333333
73,1,41873732,42747586,4,0.13333333333333333
72,1,40682830,41867848,4,0.13333333333333333
71,1,40617288,40677227,4,0.13333333333333333
70,1,40207650,40612758,4,0.13333333333333333
890,6,165690639,165715368,4,0.13333333333333333
2621,20,47728486,47873006,4,0.13333333333333333
2620,20,47670139,47720625,4,0.13333333333333333
66,1,37599215,38399540,4,0.13333333333333333
63,1,34172947,35330813,4,0.13333333333333333
1413,11,7762277,7797993,4,0.13333333333333333
1971,16,29560500,29582349,4,0.13333333333333333
1968,16,28508726,28529942,4,0.13333333333333333
1967,16,27639967,28503138,4,0.13333333333333333
1966,16,25489842,27627494,4,0.13333333333333333
420,3,79401618,80929281,4,0.13333333333333333
2401,18,8373762,10146194,4,0.13333333333333333
2393,18,3556635,4569844,4,0.13333333333333333
912,7,21242540,23314039,4,0.13333333333333333
2549,20,1499034,1506379,4,0.13333333333333333
2547,20,194755,763411,4,0.13333333333333333
2494,19,33781013,34430432,4,0.13333333333333333
419,3,77524016,79388058,4,0.13333333333333333
418,3,76042344,77513375,4,0.13333333333333333
416,3,75914406,75957900,4,0.13333333333333333
1962,16,21382561,21444431,4,0.13333333333333333
1960,16,19405790,21225204,4,0.13333333333333333
1959,16,18701947,19396257,4,0.13333333333333333
387,3,18712267,19922255,4,0.13333333333333333
386,3,16792439,18668016,4,0.13333333333333333
1345,10,64146695,66004965,4,0.13333333333333333
1346,10,66018580,66423604,4,0.13333333333333333
385,3,16617887,16778176,4,0.13333333333333333
2381,17,77535412,77646396,4,0.13333333333333333
2378,17,77422698,77432294,4,0.13333333333333333
2377,17,77012812,77405218,4,0.13333333333333333
2376,17,76705088,77000835,4,0.13333333333333333
2375,17,76653190,76693851,4,0.13333333333333333
69,1,39437661,40202959,4,0.13333333333333333
2423,18,36996895,42435594,4,0.13333333333333333
2409,18,16808486,16996321,4,0.13333333333333333
2408,18,15079189,15370631,4,0.13333333333333333
104,1,64392452,65044702,4,0.13333333333333333
2403,18,11276577,14071828,4,0.13333333333333333
384,3,14887411,16613213,4,0.13333333333333333
2011,16,56778209,58439142,4,0.13333333333333333
1979,16,33495501,33539023,4,0.13333333333333333
1978,16,33433058,33486907,4,0.13333333333333333
1977,16,33280759,33424939,4,0.13333333333333333
1973,16,30561643,31835555,4,0.13333333333333333
1972,16,29586070,30555422,4,0.13333333333333333
1296,10,7653937,9348858,4,0.13333333333333333
1295,10,6579026,7644640,4,0.13333333333333333
1281,9,133002701,133023225,4,0.13333333333333333
399,3,48686316,50274167,4,0.13333333333333333
979,7,141511878,141518228,4,0.13333333333333333
976,7,141214728,141245219,4,0.13333333333333333
2391,18,2427324,2694258,4,0.13333333333333333
2390,18,1232557,2415506,4,0.13333333333333333
2389,18,745179,1211608,4,0.13333333333333333
394,3,39083092,41241584,4,0.13333333333333333
393,3,34840321,39070614,4,0.13333333333333333
392,3,31298148,34796905,4,0.13333333333333333
391,3,29936736,31279861,4,0.13333333333333333
390,3,25470432,29923292,4,0.13333333333333333
389,3,24543616,25463517,4,0.13333333333333333
388,3,19936335,24520200,4,0.13333333333333333
2034,16,82128902,83298645,4,0.13333333333333333
2033,16,76981676,82121025,4,0.13333333333333333
766,6,32766023,32821094,4,0.13333333333333333
2356,17,70422533,70425975,4,0.13333333333333333
2355,17,69416451,70413047,4,0.13333333333333333
805,6,74827202,75616671,4,0.13333333333333333
804,6,73930795,74768342,4,0.13333333333333333
383,3,12735694,14873985,4,0.13333333333333333
379,3,4226329,9771752,4,0.13333333333333333
378,3,4109224,4214897,4,0.13333333333333333
377,3,641257,4099960,4,0.13333333333333333
373,3,348251,478718,4,0.13333333333333333
2084,17,16733547,17098966,4,0.13333333333333333
229,1,199047681,199054142,4,0.13333333333333333
224,1,186293872,189329179,4,0.13333333333333333
704,5,171653443,173359849,4,0.13333333333333333
729,6,1361599,1435871,4,0.13333333333333333
728,6,1358498,1359129,4,0.13333333333333333
727,6,1292057,1353261,4,0.13333333333333333
720,6,252939,284743,4,0.13333333333333333
2290,17,54320878,54565448,4,0.13333333333333333
2370,17,74973934,75057499,4,0.13333333333333333
223,1,186062909,186274119,4,0.13333333333333333
2061,17,1860983,1862743,4,0.13333333333333333
2060,17,1859252,1859812,4,0.13333333333333333
188,1,146473741,146512434,4,0.13333333333333333
662,5,51881238,54336548,4,0.13333333333333333
713,5,180342860,180362342,4,0.13333333333333333
2325,17,60524467,60622836,4,0.13333333333333333
207,1,158296040,158314837,4,0.13333333333333333
2087,17,18230762,18470630,4,0.13333333333333333
1223,9,26005964,27229184,4,0.13333333333333333
177,1,141474904,141491470,4,0.13333333333333333
2138,17,26937665,27268863,4,0.13333333333333333
2135,17,26424460,26602264,4,0.13333333333333333
2134,17,26277897,26409508,4,0.13333333333333333
2132,17,25965192,26220704,4,0.13333333333333333
2131,17,25904202,25950168,4,0.13333333333333333
2116,17,24108428,24223451,4,0.13333333333333333
1221,9,24873989,25144678,4,0.13333333333333333
1220,9,24667137,24827828,4,0.13333333333333333
1219,9,22316165,24603645,4,0.13333333333333333
1210,9,13628428,14053079,4,0.13333333333333333
469,3,163997236,164023510,4,0.13333333333333333
464,3,144727213,153247166,4,0.13333333333333333
462,3,137852057,143671669,4,0.13333333333333333
461,3,136891846,137841243,4,0.13333333333333333
2243,17,45197191,45278938,4,0.13333333333333333
2242,17,45127114,45186170,4,0.13333333333333333
120,1,74137824,74816963,4,0.13333333333333333
1203,9,5338569,6623341,4,0.13333333333333333
1202,9,5298149,5330015,4,0.13333333333333333
1201,9,1330131,5289937,4,0.13333333333333333
1200,9,1308165,1310587,4,0.13333333333333333
162,1,116081666,116824183,4,0.13333333333333333
158,1,114228794,114235706,4,0.13333333333333333
187,1,145820605,146012014,4,0.13333333333333333
186,1,145647143,145716245,4,0.13333333333333333
185,1,144975464,145023947,4,0.13333333333333333
610,4,190887518,191025356,4,0.13333333333333333
607,4,186862697,186942944,4,0.13333333333333333
2235,17,44353478,44399197,4,0.13333333333333333
182,1,142610589,142871406,4,0.13333333333333333
181,1,142570866,142598507,4,0.13333333333333333
1193,9,533322,559898,4,0.13333333333333333
1192,9,210253,528529,4,0.13333333333333333
1191,9,153131,194193,4,0.13333333333333333
503,4,4327213,4358339,4,0.13333333333333333
502,4,4308119,4314081,4,0.13333333333333333
500,4,3573080,3641241,4,0.13333333333333333
498,4,917610,3551253,4,0.13333333333333333
497,4,897264,916652,4,0.13333333333333333
495,4,833085,843614,4,0.13333333333333333
490,4,5224,61876,4,0.13333333333333333
517,4,42710489,45504577,4,0.13333333333333333
546,4,69215734,69311985,4,0.13333333333333333
619,5,725942,745859,4,0.13333333333333333
618,5,714149,719885,4,0.13333333333333333
617,5,285775,706486,4,0.13333333333333333
616,5,103093,277082,4,0.13333333333333333
615,5,75149,90692,4,0.13333333333333333
1106,8,50522918,51919678,4,0.13333333333333333
516,4,41496099,42685919,4,0.13333333333333333
515,4,37413005,41489363,4,0.13333333333333333
2178,17,34268102,34553000,4,0.13333333333333333
2177,17,34217158,34260921,4,0.13333333333333333
2174,17,33846724,33937937,4,0.13333333333333333
2173,17,33708879,33836794,4,0.13333333333333333
2170,17,32966528,33198713,4,0.13333333333333333
2165,17,32221174,32383368,4,0.13333333333333333
2180,17,34663603,34850363,4,0.13333333333333333
512,4,31107518,36697482,4,0.13333333333333333
508,4,24224491,26261405,4,0.13333333333333333
507,4,15384438,24218777,4,0.13333333333333333
505,4,9047040,9477600,4,0.13333333333333333
504,4,4360195,8850748,4,0.13333333333333333
2192,17,35651425,35690636,4,0.13333333333333333
169,1,118811438,119105315,4,0.13333333333333333
168,1,117757490,118781178,4,0.13333333333333333
167,1,117015146,117751415,4,0.13333333333333333
166,1,116948867,117006671,4,0.13333333333333333
165,1,116925150,116938461,4,0.13333333333333333
2753,22,42652021,43322780,4,0.13333333333333333
2692,21,41150806,42748610,4,0.13333333333333333
817,6,85623360,89090699,4,0.13333333333333333
1608,12,11404653,11430887,4,0.13333333333333333
34,1,16126501,16531740,4,0.13333333333333333
25,1,6613363,8038878,4,0.13333333333333333
24,1,3810936,6606212,4,0.13333333333333333
23,1,3521345,3798798,4,0.13333333333333333
1642,12,44923991,45851001,4,0.13333333333333333
823,6,98260964,101072587,4,0.13333333333333333
824,6,101081707,101714451,4,0.13333333333333333
825,6,101760344,102800128,4,0.13333333333333333
2750,22,41293579,41298170,4,0.13333333333333333
2734,22,28922568,30224848,3,0.1
2749,22,41221190,41290227,3,0.1
2748,22,40072147,41213949,3,0.1
2740,22,35590804,36652726,3,0.1
2739,22,34837434,35584245,3,0.1
1641,12,43945081,44919712,3,0.1
1645,12,49299695,51238169,3,0.1
1646,12,51241859,52425218,3,0.1
1647,12,52473664,54879669,3,0.1
1713,13,20633975,20649522,3,0.1
1739,13,54857465,56596626,3,0.1
1740,13,56602818,56610886,3,0.1
26,1,8050444,10537398,3,0.1
2766,23,422315,462468,3,0.1
877,6,152086678,152409827,3,0.1
2649,20,60333345,60363009,3,0.1
44,1,21483025,21545437,3,0.1
1758,13,89370077,90822317,3,0.1
1757,13,87900787,89348492,3,0.1
1748,13,67522431,69041225,3,0.1
1746,13,63637310,66729432,3,0.1
1745,13,62380464,63593790,3,0.1
1743,13,59478364,59545463,3,0.1
1848,14,73071404,73092018,3,0.1
1787,14,21420105,21448635,3,0.1
1776,14,19402284,19490630,3,0.1
1772,14,18624383,19090564,3,0.1
1771,14,18149473,18537177,3,0.1
1759,13,90833810,92615068,3,0.1
1890,15,20800736,20851679,3,0.1
480,3,181148817,181183735,3,0.1
477,3,173247425,173637617,3,0.1
476,3,170472437,173237997,3,0.1
475,3,168804852,170462923,3,0.1
474,3,166639991,168786545,3,0.1
2172,17,33315580,33322972,3,0.1
2171,17,33210231,33283282,3,0.1
548,4,70334625,70410860,3,0.1
2179,17,34563052,34654837,3,0.1
2193,17,35696930,35849697,3,0.1
155,1,110588200,112717534,3,0.1
154,1,110464125,110577138,3,0.1
153,1,109987805,110453999,3,0.1
152,1,109933787,109968401,3,0.1
151,1,108571690,109922013,3,0.1
150,1,107408809,108467581,3,0.1
2225,17,43153310,43384340,3,0.1
2217,17,41700762,41706870,3,0.1
2216,17,41577520,41644979,3,0.1
183,1,142877399,143526765,3,0.1
1194,9,561049,564737,3,0.1
471,3,164112881,164333847,3,0.1
149,1,106163050,107403052,3,0.1
1119,8,67648789,68228875,3,0.1
1118,8,65175271,67640344,3,0.1
1115,8,60942453,61985710,3,0.1
1114,8,60072685,60895610,3,0.1
1113,8,59494642,60065639,3,0.1
1112,8,58694882,59488208,3,0.1
622,5,837253,859176,3,0.1
1105,8,50133866,50469104,3,0.1
457,3,130220686,130840184,3,0.1
1199,9,1189217,1299415,3,0.1
1198,9,1140019,1140037,3,0.1
1197,9,1091407,1133457,3,0.1
164,1,116880909,116906096,3,0.1
157,1,113508337,114220736,3,0.1
156,1,112725478,113471063,3,0.1
603,4,178373531,178507603,3,0.1
127,1,77945975,79392599,3,0.1
126,1,77217365,77934334,3,0.1
121,1,74824437,75454027,3,0.1
2200,17,36861607,37014754,3,0.1
2199,17,36686013,36857537,3,0.1
2236,17,44406671,44498210,3,0.1
2228,17,43574909,43655795,3,0.1
2227,17,43530214,43567365,3,0.1
2226,17,43389085,43525899,3,0.1
466,3,156981865,160212878,3,0.1
465,3,153300999,156963893,3,0.1
136,1,86236843,87585025,3,0.1
135,1,84921910,86224479,3,0.1
134,1,84590209,84901413,3,0.1
133,1,83635029,84586214,3,0.1
131,1,83100179,83359798,3,0.1
130,1,81184008,83075209,3,0.1
129,1,80938887,81107155,3,0.1
623,5,873416,878290,3,0.1
2288,17,54176166,54290030,3,0.1
2285,17,53989121,54014009,3,0.1
2263,17,48882141,49169293,3,0.1
2245,17,45521020,45876378,3,0.1
119,1,72661597,74078153,3,0.1
1205,9,6704941,7263688,3,0.1
2322,17,60360566,60434075,3,0.1
2321,17,60204302,60347930,3,0.1
2309,17,57851812,57992993,3,0.1
706,5,173739318,175537148,3,0.1
2088,17,18474499,18868037,3,0.1
1229,9,33485659,33598877,3,0.1
1225,9,29209997,30086705,3,0.1
1222,9,25195505,25969531,3,0.1
2086,17,17898157,18224296,3,0.1
1196,9,795606,1081643,3,0.1
178,1,141500919,141527782,3,0.1
2117,17,24231923,24249384,3,0.1
1209,9,12137751,13585855,3,0.1
1207,9,7751878,10013842,3,0.1
468,3,163966040,163987465,3,0.1
467,3,160231691,163957219,3,0.1
195,1,149591108,149598429,3,0.1
194,1,149579637,149582884,3,0.1
189,1,146525071,146549143,3,0.1
215,1,166018172,168812476,3,0.1
214,1,166003996,166010822,3,0.1
213,1,165958802,165988174,3,0.1
209,1,158378189,158382079,3,0.1
110,1,67304899,67564224,3,0.1
109,1,66956044,67293111,3,0.1
108,1,66624841,66943717,3,0.1
107,1,65691013,66605594,3,0.1
106,1,65377733,65684038,3,0.1
105,1,65061124,65363623,3,0.1
2328,17,61590200,61726416,3,0.1
2326,17,60634938,61232593,3,0.1
2323,17,60444825,60454139,3,0.1
227,1,193556792,193630262,3,0.1
225,1,189337051,193443252,3,0.1
725,6,623776,634345,3,0.1
2289,17,54300821,54309513,3,0.1
772,6,40747924,42826227,3,0.1
2372,17,75423238,76306293,3,0.1
2371,17,75246607,75415392,3,0.1
2361,17,71426927,71818618,3,0.1
2359,17,71144026,71210200,3,0.1
2358,17,70941257,71134968,3,0.1
2357,17,70429779,70934828,3,0.1
222,1,182657845,186034550,3,0.1
251,1,234776770,236274333,3,0.1
250,1,231067740,234760702,3,0.1
249,1,225926558,231061656,3,0.1
247,1,221557056,224126341,3,0.1
2349,17,66151316,66477303,3,0.1
2342,17,64678301,65137679,3,0.1
2334,17,63097392,63330475,3,0.1
2330,17,61841153,62243790,3,0.1
806,6,75632175,75961320,3,0.1
803,6,72170740,73920835,3,0.1
802,6,70738275,72163725,3,0.1
801,6,69820589,70731852,3,0.1
800,6,69133049,69809498,3,0.1
799,6,68631929,69110566,3,0.1
382,3,11686988,12710784,3,0.1
376,3,586636,625689,3,0.1
372,3,39066,342654,3,0.1
2085,17,17104943,17885418,3,0.1
232,1,199273751,199356111,3,0.1
228,1,193652057,199041703,3,0.1
795,6,66559986,66839246,3,0.1
794,6,66247043,66553014,3,0.1
793,6,65983562,66231264,3,0.1
753,6,29962849,30010234,3,0.1
752,6,29939288,29950805,3,0.1
792,6,64750730,65951879,3,0.1
983,7,141965869,141978333,3,0.1
2392,18,2708341,3545445,3,0.1
395,3,41249898,46752789,3,0.1
262,1,244870377,244942436,3,0.1
259,1,239663268,244617610,3,0.1
258,1,239544570,239630032,3,0.1
256,1,239337733,239364269,3,0.1
254,1,238747201,239156984,3,0.1
2037,16,86571161,86861829,3,0.1
2350,17,66493468,66940678,3,0.1
1344,10,63282635,64126023,3,0.1
1330,10,46396163,46568496,3,0.1
1327,10,44629442,45468415,3,0.1
2387,18,138963,467510,3,0.1
2374,17,76641413,76646445,3,0.1
2373,17,76317997,76634679,3,0.1
2407,18,14723811,14968075,3,0.1
2404,18,14079350,14091534,3,0.1
1974,16,31854837,31862577,3,0.1
1282,9,133035531,133066438,3,0.1
269,1,245150122,245299678,3,0.1
398,3,48631976,48677740,3,0.1
397,3,46829442,48626775,3,0.1
798,6,67665685,68602261,3,0.1
797,6,66949287,67633130,3,0.1
796,6,66872400,66895777,3,0.1
1911,15,48406757,51888263,3,0.1
1969,16,28536745,29050535,3,0.1
1965,16,23257230,25462573,3,0.1
421,3,80959005,82751614,3,0.1
2400,18,6803026,8360839,3,0.1
2398,18,6471417,6499427,3,0.1
2397,18,5660598,6461189,3,0.1
2396,18,5284216,5637217,3,0.1
2395,18,5185011,5280748,3,0.1
2394,18,4579794,5169711,3,0.1
54,1,27418631,27637052,3,0.1
53,1,26758077,27414811,3,0.1
2550,20,1516966,1539155,3,0.1
2496,19,36288875,36863686,3,0.1
417,3,75971233,76019295,3,0.1
1961,16,21236038,21258019,3,0.1
1893,15,22163893,22272781,3,0.1
1892,15,22038880,22138119,3,0.1
1891,15,21195208,21982746,3,0.1
1957,16,15039224,16166785,3,0.1
1955,16,13422219,14817706,3,0.1
2493,19,33479027,33771144,3,0.1
923,7,38077657,38154547,3,0.1
67,1,38432360,38569674,3,0.1
65,1,35903416,37578554,3,0.1
62,1,33189868,34166798,3,0.1
1412,11,5906060,7757329,3,0.1
1411,11,5849760,5891661,3,0.1
1410,11,5777496,5838945,3,0.1
1404,11,182372,223502,3,0.1
432,3,89488409,89516057,3,0.1
1946,15,100182702,100200937,3,0.1
1902,15,32605086,32654561,3,0.1
1901,15,32523241,32594902,3,0.1
1900,15,32447707,32511475,3,0.1
58,1,30716764,30984527,3,0.1
57,1,29088543,30687222,3,0.1
918,7,32527033,33234186,3,0.1
915,7,25980628,29117278,3,0.1
42,1,17042808,19187091,3,0.1
2648,20,60193218,60328797,3,0.1
2647,20,59844907,60188644,3,0.1
2645,20,58516115,59189405,3,0.1
1899,15,27009381,32443495,3,0.1
1898,15,26214008,26884885,3,0.1
1897,15,23967192,26208602,3,0.1
1896,15,23440964,23933266,3,0.1
1895,15,22374850,23389141,3,0.1
1889,15,20393586,20773131,3,0.1
1888,15,20307869,20387327,3,0.1
1422,11,18447860,19551133,3,0.1
1421,11,16532712,18443734,3,0.1
1417,11,12983832,14255839,3,0.1
1457,11,55124730,55194990,3,0.1
1445,11,41982016,43404918,3,0.1
2632,20,52339941,52938123,3,0.1
895,6,170856656,170943103,3,0.1
811,6,79035891,79079988,3,0.1
807,6,75968174,77079694,3,0.1
415,3,75870144,75896020,3,0.1
1910,15,44193179,48393597,3,0.1
1909,15,41676219,44156737,3,0.1
1904,15,32796260,39569934,3,0.1
1903,15,32667508,32751435,3,0.1
1640,12,42744201,43936926,3,0.1
2733,22,27829159,28903600,3,0.1
2723,22,22725750,22731544,3,0.1
2698,21,44231716,46914686,3,0.1
2768,23,959048,1235529,3,0.1
2767,23,491711,524509,3,0.1
2695,21,43484649,43944137,3,0.1
2694,21,43065018,43478129,3,0.1
22,1,3166706,3521038,3,0.1
21,1,3149648,3157982,3,0.1
18,1,2903052,3112977,3,0.1
13,1,2664285,2665530,3,0.1
12,1,2643540,2645074,3,0.1
2735,22,30243922,31511793,3,0.1
403,3,55767891,60816395,3,0.1
1561,11,79858760,79974644,3,0.1
171,1,119271891,119774102,3,0.1
170,1,119131184,119266053,3,0.1
473,3,164454066,166625316,3,0.1
1111,8,56798074,58669985,3,0.1
1110,8,55862289,56770315,3,0.1
1107,8,51970684,53247541,3,0.1
147,1,104018651,104671817,3,0.1
146,1,103819551,103875725,3,0.1
139,1,87839437,89193171,3,0.1
138,1,87749501,87791319,3,0.1
137,1,87607672,87697095,3,0.1
2691,21,39927348,41144015,3,0.1
2690,21,39030818,39918819,3,0.1
871,6,148877116,148912262,3,0.1
822,6,97827305,98245127,3,0.1
818,6,89106148,90015649,3,0.1
19,1,3125822,3135062,2,0.06666666666666667
2757,22,47281897,48910239,2,0.06666666666666667
2738,22,33700502,34814916,2,0.06666666666666667
2737,22,32984614,33685030,2,0.06666666666666667
2736,22,31521603,32950474,2,0.06666666666666667
2732,22,26999547,27819338,2,0.06666666666666667
2731,22,26228884,26956916,2,0.06666666666666667
2730,22,24876788,26191987,2,0.06666666666666667
2729,22,24263116,24866694,2,0.06666666666666667
2728,22,23978623,24228038,2,0.06666666666666667
2727,22,23952881,23967594,2,0.06666666666666667
2726,22,23930054,23946476,2,0.06666666666666667
2725,22,23022675,23926329,2,0.06666666666666667
1643,12,45861893,47611599,2,0.06666666666666667
1639,12,42372231,42738343,2,0.06666666666666667
2724,22,22742616,23009582,2,0.06666666666666667
2715,22,20637682,20899315,2,0.06666666666666667
2689,21,38210461,39024476,2,0.06666666666666667
2688,21,37173358,38202663,2,0.06666666666666667
1673,12,75706042,77012738,2,0.06666666666666667
1672,12,75396411,75693696,2,0.06666666666666667
1671,12,74728500,75387573,2,0.06666666666666667
1670,12,74674175,74721164,2,0.06666666666666667
1669,12,73523915,74655845,2,0.06666666666666667
1668,12,73217711,73482351,2,0.06666666666666667
1665,12,71710336,71905426,2,0.06666666666666667
1644,12,47616812,49288718,2,0.06666666666666667
2687,21,36740050,37166616,2,0.06666666666666667
2686,21,36471530,36734826,2,0.06666666666666667
2685,21,35266227,36466945,2,0.06666666666666667
2684,21,35162506,35255874,2,0.06666666666666667
821,6,94517742,97817899,2,0.06666666666666667
820,6,92035339,94502615,2,0.06666666666666667
819,6,90034143,91964331,2,0.06666666666666667
887,6,161042057,162115988,2,0.06666666666666667
886,6,160990404,161026307,2,0.06666666666666667
885,6,160123384,160978168,2,0.06666666666666667
884,6,159987610,160117932,2,0.06666666666666667
882,6,156012158,157939123,2,0.06666666666666667
881,6,155536554,155990159,2,0.06666666666666667
1591,11,132606436,134432265,2,0.06666666666666667
1590,11,130687277,132596928,2,0.06666666666666667
1589,11,124303180,130667119,2,0.06666666666666667
1588,11,119588838,124295965,2,0.06666666666666667
1587,11,118366070,119578429,2,0.06666666666666667
1586,11,118115430,118362161,2,0.06666666666666667
878,6,152417607,153905878,2,0.06666666666666667
876,6,151923886,152073221,2,0.06666666666666667
875,6,151887510,151910707,2,0.06666666666666667
2681,21,34810804,35118077,2,0.06666666666666667
2680,21,34132594,34805333,2,0.06666666666666667
2679,21,32584770,34121981,2,0.06666666666666667
51,1,26233527,26722236,2,0.06666666666666667
50,1,25441018,26227863,2,0.06666666666666667
49,1,25414726,25433465,2,0.06666666666666667
47,1,23469376,25318800,2,0.06666666666666667
46,1,22674759,23463832,2,0.06666666666666667
1734,13,47691104,47937120,2,0.06666666666666667
41,1,17030134,17037487,2,0.06666666666666667
37,1,16693433,16750002,2,0.06666666666666667
36,1,16672053,16680432,2,0.06666666666666667
894,6,169960900,170838662,2,0.06666666666666667
893,6,168425370,169949536,2,0.06666666666666667
892,6,168162397,168399709,2,0.06666666666666667
891,6,165723211,168144188,2,0.06666666666666667
888,6,162127431,162150671,2,0.06666666666666667
2619,20,46777921,47657956,2,0.06666666666666667
2618,20,46074165,46770469,2,0.06666666666666667
64,1,35336344,35895515,2,0.06666666666666667
61,1,31968013,33181040,2,0.06666666666666667
916,7,29129313,31396001,2,0.06666666666666667
911,7,19108591,21230532,2,0.06666666666666667
910,7,16181027,19066529,2,0.06666666666666667
909,7,16130262,16173135,2,0.06666666666666667
908,7,11177449,16121211,2,0.06666666666666667
1756,13,84451123,87878353,2,0.06666666666666667
1754,13,77224204,78743491,2,0.06666666666666667
1750,13,69741181,71934199,2,0.06666666666666667
1749,13,69055547,69699416,2,0.06666666666666667
56,1,27765928,29080585,2,0.06666666666666667
55,1,27650970,27755668,2,0.06666666666666667
52,1,26737835,26751009,2,0.06666666666666667
2596,20,33643912,33862183,2,0.06666666666666667
1782,14,20418299,20477376,2,0.06666666666666667
1770,13,113758453,114123862,2,0.06666666666666667
1769,13,113474906,113657214,2,0.06666666666666667
2558,20,9785760,12243594,2,0.06666666666666667
2552,20,1578087,3037884,2,0.06666666666666667
2551,20,1546858,1557784,2,0.06666666666666667
2548,20,771302,1487457,2,0.06666666666666667
2546,20,69521,189250,2,0.06666666666666667
2544,19,63588319,63784327,2,0.06666666666666667
2528,19,56816785,56859204,2,0.06666666666666667
2497,19,36912833,38215548,2,0.06666666666666667
2492,19,32964337,33432675,2,0.06666666666666667
925,7,38212614,38223575,2,0.06666666666666667
924,7,38163197,38204539,2,0.06666666666666667
922,7,38065862,38069416,2,0.06666666666666667
84,1,49686548,50400238,2,0.06666666666666667
80,1,47020328,47076960,2,0.06666666666666667
68,1,38648737,39428343,2,0.06666666666666667
1800,14,25879379,25966458,2,0.06666666666666667
103,1,63746181,64381618,2,0.06666666666666667
102,1,63297252,63739396,2,0.06666666666666667
101,1,62781892,63279284,2,0.06666666666666667
100,1,62265513,62775298,2,0.06666666666666667
99,1,61460755,62257156,2,0.06666666666666667
98,1,60943372,61455192,2,0.06666666666666667
97,1,60048731,60931948,2,0.06666666666666667
94,1,58269395,58818282,2,0.06666666666666667
91,1,56126922,56811818,2,0.06666666666666667
85,1,50444082,51401581,2,0.06666666666666667
2405,18,14091869,14112462,2,0.06666666666666667
2399,18,6532535,6784144,2,0.06666666666666667
791,6,64633346,64705894,2,0.06666666666666667
982,7,141932317,141947816,2,0.06666666666666667
936,7,53092720,54048050,2,0.06666666666666667
2388,18,475240,735100,2,0.06666666666666667
2386,18,121700,128568,2,0.06666666666666667
2385,18,4316,75432,2,0.06666666666666667
2384,17,78572201,78653545,2,0.06666666666666667
790,6,63057692,64614816,2,0.06666666666666667
782,6,55859081,57298746,2,0.06666666666666667
781,6,53306500,55847962,2,0.06666666666666667
780,6,52211708,53295979,2,0.06666666666666667
778,6,50659323,50928750,2,0.06666666666666667
777,6,49256992,50627364,2,0.06666666666666667
776,6,47058985,49231488,2,0.06666666666666667
2369,17,74252668,74967497,2,0.06666666666666667
2368,17,73979103,74243371,2,0.06666666666666667
2365,17,73072270,73113038,2,0.06666666666666667
2364,17,72554830,73052895,2,0.06666666666666667
2363,17,72125996,72506520,2,0.06666666666666667
2362,17,71835912,72121536,2,0.06666666666666667
2360,17,71220943,71421156,2,0.06666666666666667
749,6,26270597,27455236,2,0.06666666666666667
764,6,32718991,32728487,2,0.06666666666666667
1527,11,70519863,70552702,2,0.06666666666666667
2354,17,68407092,69375386,2,0.06666666666666667
2353,17,68304835,68391373,2,0.06666666666666667
2352,17,67849232,68295347,2,0.06666666666666667
2351,17,66970478,67825959,2,0.06666666666666667
2348,17,65857197,66108544,2,0.06666666666666667
2347,17,65775887,65840397,2,0.06666666666666667
2346,17,65625225,65764729,2,0.06666666666666667
2345,17,65470475,65619979,2,0.06666666666666667
2344,17,65395757,65450238,2,0.06666666666666667
2343,17,65159361,65368144,2,0.06666666666666667
2341,17,64552176,64671550,2,0.06666666666666667
2340,17,64021465,64542802,2,0.06666666666666667
2339,17,63992868,64014886,2,0.06666666666666667
2338,17,63780439,63983965,2,0.06666666666666667
2337,17,63656768,63774037,2,0.06666666666666667
2336,17,63372480,63587647,2,0.06666666666666667
2335,17,63339485,63357090,2,0.06666666666666667
2333,17,62876193,63085689,2,0.06666666666666667
2332,17,62484955,62865744,2,0.06666666666666667
2329,17,61733108,61833313,2,0.06666666666666667
2327,17,61247968,61578637,2,0.06666666666666667
2324,17,60462254,60503653,2,0.06666666666666667
412,3,75479859,75535753,2,0.06666666666666667
1869,14,105602756,105630089,2,0.06666666666666667
1867,14,105082760,105322191,2,0.06666666666666667
1448,11,46368437,47509993,2,0.06666666666666667
1446,11,43414253,44588217,2,0.06666666666666667
1444,11,41674896,41967473,2,0.06666666666666667
1443,11,40525781,41641283,2,0.06666666666666667
1442,11,38824655,40515667,2,0.06666666666666667
1876,14,106216726,106349756,2,0.06666666666666667
414,3,75845446,75858339,2,0.06666666666666667
2320,17,59835362,60196060,2,0.06666666666666667
2319,17,59697825,59821791,2,0.06666666666666667
2317,17,59047641,59414919,2,0.06666666666666667
2310,17,57999619,58011252,2,0.06666666666666667
2306,17,57117999,57372913,2,0.06666666666666667
707,5,175563657,175907334,2,0.06666666666666667
705,5,173368856,173702519,2,0.06666666666666667
722,6,315257,320890,2,0.06666666666666667
2298,17,55313150,55388307,2,0.06666666666666667
2297,17,55278433,55306486,2,0.06666666666666667
2293,17,54933369,55106815,2,0.06666666666666667
2287,17,54113155,54166481,2,0.06666666666666667
1432,11,32828281,33509097,2,0.06666666666666667
1430,11,32019726,32772242,2,0.06666666666666667
1426,11,24432855,25844571,2,0.06666666666666667
1425,11,21926331,24388057,2,0.06666666666666667
1424,11,20113144,21887299,2,0.06666666666666667
1423,11,19570565,20098137,2,0.06666666666666667
1420,11,15925810,16521314,2,0.06666666666666667
1419,11,15253180,15787974,2,0.06666666666666667
2286,17,54031482,54101339,2,0.06666666666666667
2281,17,53289830,53419048,2,0.06666666666666667
2280,17,53148437,53282106,2,0.06666666666666667
2270,17,51054617,51229462,2,0.06666666666666667
2266,17,50008493,50405861,2,0.06666666666666667
2265,17,49373601,49962523,2,0.06666666666666667
2264,17,49218134,49331755,2,0.06666666666666667
2262,17,48439335,48854538,2,0.06666666666666667
2258,17,47664175,47823393,2,0.06666666666666667
2257,17,47429758,47630031,2,0.06666666666666667
2256,17,47271445,47422818,2,0.06666666666666667
2255,17,47090505,47257983,2,0.06666666666666667
2250,17,46267891,46381045,2,0.06666666666666667
1947,15,100217283,100282819,2,0.06666666666666667
1913,15,55258039,57620619,2,0.06666666666666667
1912,15,51919876,55250930,2,0.06666666666666667
1905,15,39578565,39587716,2,0.06666666666666667
1894,15,22289273,22364310,2,0.06666666666666667
1436,11,35541828,35816070,2,0.06666666666666667
117,1,72080289,72473289,2,0.06666666666666667
116,1,70968966,72065805,2,0.06666666666666667
658,5,49988952,50268244,2,0.06666666666666667
634,5,17570523,17719479,2,0.06666666666666667
633,5,17406393,17549618,2,0.06666666666666667
632,5,17100908,17382633,2,0.06666666666666667
1964,16,21507188,23246918,2,0.06666666666666667
1963,16,21448093,21501073,2,0.06666666666666667
1956,16,14956177,14988855,2,0.06666666666666667
1948,16,28087,37133,2,0.06666666666666667
112,1,69374719,70163952,2,0.06666666666666667
2234,17,44164275,44347462,2,0.06666666666666667
2233,17,44023841,44158872,2,0.06666666666666667
2232,17,43946120,44019176,2,0.06666666666666667
2229,17,43675198,43786656,2,0.06666666666666667
132,1,83381408,83603746,2,0.06666666666666667
597,4,157228097,162174965,2,0.06666666666666667
595,4,148098972,152558944,2,0.06666666666666667
628,5,6356267,9839414,2,0.06666666666666667
627,5,4645911,6343008,2,0.06666666666666667
626,5,2448553,4633545,2,0.06666666666666667
625,5,1007442,2438174,2,0.06666666666666667
624,5,916822,999736,2,0.06666666666666667
1976,16,32378126,32748349,2,0.06666666666666667
1975,16,31958973,32105104,2,0.06666666666666667
422,3,82801964,84189335,2,0.06666666666666667
606,4,186810460,186843576,2,0.06666666666666667
604,4,178531509,182779062,2,0.06666666666666667
128,1,79437815,80901791,2,0.06666666666666667
2191,17,35559756,35641086,2,0.06666666666666667
521,4,48659573,48887700,2,0.06666666666666667
1109,8,54691654,55840039,2,0.06666666666666667
1108,8,53262924,54668893,2,0.06666666666666667
145,1,102443157,103810269,2,0.06666666666666667
140,1,89198467,91213470,2,0.06666666666666667
2181,17,34863487,34894235,2,0.06666666666666667
594,4,145396784,148091215,2,0.06666666666666667
1361,10,83652547,83913217,2,0.06666666666666667
1350,10,71007045,72336589,2,0.06666666666666667
1348,10,67988973,68108381,2,0.06666666666666667
2008,16,54859898,55031124,2,0.06666666666666667
2007,16,54596059,54845565,2,0.06666666666666667
586,4,132983429,133222805,2,0.06666666666666667
549,4,70442343,70445716,2,0.06666666666666667
472,3,164343718,164427869,2,0.06666666666666667
489,3,199333505,199383479,2,0.06666666666666667
488,3,196972157,199325300,2,0.06666666666666667
519,4,45894555,47334481,2,0.06666666666666667
518,4,45535603,45884120,2,0.06666666666666667
487,3,196947293,196962380,2,0.06666666666666667
485,3,193476462,196656506,2,0.06666666666666667
484,3,193425674,193467200,2,0.06666666666666667
483,3,186745732,193414542,2,0.06666666666666667
482,3,185013005,186735226,2,0.06666666666666667
481,3,181189842,185001990,2,0.06666666666666667
1343,10,60125080,63239913,2,0.06666666666666667
1328,10,45478103,45534651,2,0.06666666666666667
1326,10,43530543,44610674,2,0.06666666666666667
1325,10,43064095,43509699,2,0.06666666666666667
1324,10,42296956,43049635,2,0.06666666666666667
1362,10,83919871,84654324,2,0.06666666666666667
479,3,177004388,181135381,2,0.06666666666666667
478,3,173645852,176989598,2,0.06666666666666667
163,1,116847623,116861515,2,0.06666666666666667
161,1,115389481,116062013,2,0.06666666666666667
160,1,114863525,115372000,2,0.06666666666666667
159,1,114245958,114853862,2,0.06666666666666667
184,1,143543580,144966156,2,0.06666666666666667
1195,9,577359,779786,2,0.06666666666666667
460,3,131310594,136853762,2,0.06666666666666667
1306,10,21880427,21920526,2,0.06666666666666667
1292,10,3135278,3168952,2,0.06666666666666667
1280,9,132969083,132993751,2,0.06666666666666667
270,1,245308564,245433846,2,0.06666666666666667
175,1,120405944,120737345,2,0.06666666666666667
174,1,120313797,120384620,2,0.06666666666666667
173,1,119963572,120232261,2,0.06666666666666667
172,1,119783556,119942294,2,0.06666666666666667
2137,17,26776780,26934810,2,0.06666666666666667
2136,17,26617118,26763588,2,0.06666666666666667
1208,9,10026427,12104238,2,0.06666666666666667
455,3,128485208,128664764,2,0.06666666666666667
238,1,208148352,209359643,2,0.06666666666666667
268,1,245134410,245140268,2,0.06666666666666667
265,1,245009770,245014643,2,0.06666666666666667
263,1,244947984,244955806,2,0.06666666666666667
260,1,244627520,244676774,2,0.06666666666666667
255,1,239190321,239313778,2,0.06666666666666667
253,1,237050563,238730140,2,0.06666666666666667
252,1,236280081,237042779,2,0.06666666666666667
381,3,9923074,11677508,2,0.06666666666666667
203,1,157457777,157769567,2,0.06666666666666667
201,1,156504203,156715120,2,0.06666666666666667
199,1,152617283,155145482,2,0.06666666666666667
198,1,151998685,152605084,2,0.06666666666666667
197,1,150815602,151998352,2,0.06666666666666667
196,1,149604744,150808620,2,0.06666666666666667
193,1,149403519,149573806,2,0.06666666666666667
191,1,146661770,149362629,2,0.06666666666666667
190,1,146581869,146634734,2,0.06666666666666667
219,1,179443743,179575821,2,0.06666666666666667
217,1,172527923,176446701,2,0.06666666666666667
248,1,224140920,225920251,2,0.06666666666666667
246,1,219311634,221538990,2,0.06666666666666667
245,1,217416088,219300768,2,0.06666666666666667
244,1,215199726,217395427,2,0.06666666666666667
243,1,213607905,215165364,2,0.06666666666666667
242,1,212163869,213601626,2,0.06666666666666667
241,1,211438238,212152890,2,0.06666666666666667
216,1,168818982,172497794,2,0.06666666666666667
210,1,158392593,158736756,2,0.06666666666666667
206,1,158222895,158292447,2,0.06666666666666667
205,1,158123386,158211115,2,0.06666666666666667
204,1,157779753,158111315,2,0.06666666666666667
1231,9,33947741,34651900,2,0.06666666666666667
1230,9,33611015,33938574,2,0.06666666666666667
1228,9,32358928,33474125,2,0.06666666666666667
1227,9,30556050,32349951,2,0.06666666666666667
1226,9,30134402,30542335,2,0.06666666666666667
235,1,202366885,203532522,2,0.06666666666666667
234,1,201169853,202358631,2,0.06666666666666667
233,1,199363774,201157571,2,0.06666666666666667
221,1,181387023,182641159,2,0.06666666666666667
1265,9,110114139,110140372,2,0.06666666666666667
1258,9,97648060,99770540,2,0.06666666666666667
2756,22,47066760,47270867,2,0.06666666666666667
2755,22,45406576,47045591,2,0.06666666666666667
2747,22,39323749,40065743,2,0.06666666666666667
2746,22,39107247,39317843,2,0.06666666666666667
2745,22,38968144,39093020,2,0.06666666666666667
2744,22,37803663,38961219,2,0.06666666666666667
2741,22,36658231,37678070,2,0.06666666666666667
2826,23,152552851,152570071,2,0.06666666666666667
2759,22,49451602,49509094,2,0.06666666666666667
2758,22,48916337,49447518,2,0.06666666666666667
33,1,15858551,16119613,2,0.06666666666666667
32,1,13520352,15852641,2,0.06666666666666667
30,1,12800742,12805297,2,0.06666666666666667
29,1,12774453,12788158,2,0.06666666666666667
28,1,12544104,12768740,2,0.06666666666666667
2812,23,91489731,91607636,2,0.06666666666666667
15,1,2854198,2856899,2,0.06666666666666667
2833,23,153997146,154492924,1,0.03333333333333333
8,1,1738295,2477597,1,0.03333333333333333
9,1,2481927,2562342,1,0.03333333333333333
10,1,2574555,2580342,1,0.03333333333333333
14,1,2672694,2832087,1,0.03333333333333333
2811,23,91404795,91459679,1,0.03333333333333333
2813,23,91632143,92103804,1,0.03333333333333333
35,1,16551324,16592466,1,0.03333333333333333
2821,23,144052935,145145074,1,0.03333333333333333
2822,23,145164724,149589730,1,0.03333333333333333
2823,23,149594807,151064869,1,0.03333333333333333
2824,23,151067607,152416606,1,0.03333333333333333
2828,23,152994680,153054487,1,0.03333333333333333
2830,23,153466463,153491568,1,0.03333333333333333
1638,12,42221157,42337973,1,0.03333333333333333
1637,12,41865312,42212198,1,0.03333333333333333
1636,12,39197961,41841971,1,0.03333333333333333
1618,12,23801758,24366747,1,0.03333333333333333
1614,12,14687682,16233431,1,0.03333333333333333
1613,12,13400916,14672807,1,0.03333333333333333
1612,12,12841194,13391483,1,0.03333333333333333
1611,12,12157656,12837059,1,0.03333333333333333
1610,12,11793290,12143159,1,0.03333333333333333
1609,12,11466807,11787795,1,0.03333333333333333
1607,12,10497371,11375835,1,0.03333333333333333
1606,12,10464018,10484956,1,0.03333333333333333
1605,12,9633884,10453531,1,0.03333333333333333
1603,12,8036400,9432943,1,0.03333333333333333
2719,22,22651385,22665928,1,0.03333333333333333
2718,22,22606654,22638797,1,0.03333333333333333
375,3,521064,574415,1,0.03333333333333333
444,3,105296320,106577524,1,0.03333333333333333
443,3,103869497,105247720,1,0.03333333333333333
202,1,156722904,157446463,1,0.03333333333333333
200,1,155152973,156497370,1,0.03333333333333333
218,1,176455950,179420685,1,0.03333333333333333
1254,9,74787860,84766822,1,0.03333333333333333
1253,9,72888295,74779332,1,0.03333333333333333
1252,9,69611393,72870675,1,0.03333333333333333
1251,9,68968205,69600620,1,0.03333333333333333
1250,9,68272869,68962739,1,0.03333333333333333
1245,9,43474997,43808233,1,0.03333333333333333
1244,9,43094089,43410478,1,0.03333333333333333
1242,9,40361684,40520747,1,0.03333333333333333
2062,17,1863125,1881747,1,0.03333333333333333
212,1,164247118,165948301,1,0.03333333333333333
1274,9,128565432,128681509,1,0.03333333333333333
316,2,91057159,91234354,1,0.03333333333333333
433,3,89531802,89654152,1,0.03333333333333333
176,1,120761983,120923696,1,0.03333333333333333
454,3,127138046,128434521,1,0.03333333333333333
451,3,119496988,123302196,1,0.03333333333333333
450,3,115450295,119473378,1,0.03333333333333333
448,3,113854434,114473399,1,0.03333333333333333
447,3,113370366,113847282,1,0.03333333333333333
446,3,111105693,113356479,1,0.03333333333333333
240,1,211126341,211395327,1,0.03333333333333333
239,1,209366118,211118685,1,0.03333333333333333
237,1,205966175,208143743,1,0.03333333333333333
236,1,203539204,205954108,1,0.03333333333333333
264,1,244961779,244970723,1,0.03333333333333333
380,3,9779380,9918123,1,0.03333333333333333
442,3,103067334,103845179,1,0.03333333333333333
441,3,100159418,103058802,1,0.03333333333333333
440,3,97955574,100144881,1,0.03333333333333333
439,3,97384282,97943959,1,0.03333333333333333
438,3,95346425,97340020,1,0.03333333333333333
434,3,89663968,90219681,1,0.03333333333333333
371,2,242430070,242784096,1,0.03333333333333333
317,2,91240477,91321476,1,0.03333333333333333
1317,10,37153306,37598792,1,0.03333333333333333
1316,10,35015198,37129260,1,0.03333333333333333
1305,10,21859872,21874211,1,0.03333333333333333
1300,10,14046295,16112625,1,0.03333333333333333
1299,10,9727172,14033998,1,0.03333333333333333
1298,10,9658369,9708434,1,0.03333333333333333
1286,9,138275716,138301699,1,0.03333333333333333
1279,9,132301378,132954430,1,0.03333333333333333
1996,16,49237703,50174920,1,0.03333333333333333
1995,16,48783687,49225359,1,0.03333333333333333
576,4,102672728,104401802,1,0.03333333333333333
458,3,130849527,131199964,1,0.03333333333333333
456,3,128683027,130206126,1,0.03333333333333333
1338,10,51672831,54212972,1,0.03333333333333333
1331,10,47010385,47161232,1,0.03333333333333333
1329,10,45554717,46371243,1,0.03333333333333333
1322,10,42150759,42175348,1,0.03333333333333333
1321,10,41927641,42057554,1,0.03333333333333333
1319,10,37774262,38563575,1,0.03333333333333333
1318,10,37642247,37726105,1,0.03333333333333333
1367,10,88305288,88563503,1,0.03333333333333333
1366,10,88223706,88285075,1,0.03333333333333333
1365,10,87744912,88215734,1,0.03333333333333333
459,3,131215316,131299415,1,0.03333333333333333
2182,17,34900309,34977994,1,0.03333333333333333
592,4,142656232,143241597,1,0.03333333333333333
591,4,141948988,142632507,1,0.03333333333333333
590,4,135920331,141938438,1,0.03333333333333333
589,4,133758444,135910286,1,0.03333333333333333
588,4,133582875,133743518,1,0.03333333333333333
587,4,133264013,133574024,1,0.03333333333333333
1360,10,82117433,83642137,1,0.03333333333333333
1359,10,81863113,82109833,1,0.03333333333333333
1358,10,80171515,81855271,1,0.03333333333333333
1357,10,79281452,80128812,1,0.03333333333333333
1356,10,78427308,79275280,1,0.03333333333333333
1352,10,73562944,74435007,1,0.03333333333333333
1349,10,68119528,71002959,1,0.03333333333333333
1347,10,66455837,67974175,1,0.03333333333333333
2005,16,54390012,54422612,1,0.03333333333333333
1395,10,130385362,130850960,1,0.03333333333333333
1392,10,127578239,127603523,1,0.03333333333333333
605,4,182828885,186804557,1,0.03333333333333333
602,4,171088261,178331211,1,0.03333333333333333
601,4,166559793,171072076,1,0.03333333333333333
600,4,163764301,166540017,1,0.03333333333333333
599,4,162347852,163724527,1,0.03333333333333333
530,4,56204828,56528111,1,0.03333333333333333
522,4,48893757,48924159,1,0.03333333333333333
520,4,47347301,48644676,1,0.03333333333333333
148,1,104696813,106107236,1,0.03333333333333333
142,1,91714670,93739491,1,0.03333333333333333
2190,17,35486136,35544912,1,0.03333333333333333
2189,17,35468181,35478001,1,0.03333333333333333
2186,17,35344057,35385941,1,0.03333333333333333
2183,17,34989300,35067992,1,0.03333333333333333
613,4,191144773,191165971,1,0.03333333333333333
612,4,191062719,191134340,1,0.03333333333333333
611,4,191037678,191046020,1,0.03333333333333333
609,4,188886189,190844427,1,0.03333333333333333
608,4,186950719,188875290,1,0.03333333333333333
1994,16,47717059,48773160,1,0.03333333333333333
1993,16,47641974,47668511,1,0.03333333333333333
1991,16,46713098,47356334,1,0.03333333333333333
1990,16,46232996,46704264,1,0.03333333333333333
1989,16,45981776,46219115,1,0.03333333333333333
1988,16,45322798,45965768,1,0.03333333333333333
1987,16,45230563,45312514,1,0.03333333333333333
1986,16,45058242,45218686,1,0.03333333333333333
1984,16,34505520,34605030,1,0.03333333333333333
1983,16,34369010,34482623,1,0.03333333333333333
423,3,84212782,84761534,1,0.03333333333333333
429,3,87696516,88166248,1,0.03333333333333333
428,3,87336579,87661897,1,0.03333333333333333
718,6,146738,154410,1,0.03333333333333333
717,6,126550,142586,1,0.03333333333333333
716,6,92884,125392,1,0.03333333333333333
715,6,5839,85465,1,0.03333333333333333
714,5,180379352,180644810,1,0.03333333333333333
712,5,179411268,180184269,1,0.03333333333333333
711,5,179309126,179400068,1,0.03333333333333333
710,5,178560621,179290850,1,0.03333333333333333
111,1,67574404,69349603,1,0.03333333333333333
2238,17,44632651,44707913,1,0.03333333333333333
2237,17,44518926,44626492,1,0.03333333333333333
2231,17,43810166,43930335,1,0.03333333333333333
2230,17,43792395,43799543,1,0.03333333333333333
629,5,9867745,12822565,1,0.03333333333333333
2239,17,44721402,44847723,1,0.03333333333333333
115,1,70848676,70955685,1,0.03333333333333333
114,1,70553640,70787481,1,0.03333333333333333
113,1,70172264,70544007,1,0.03333333333333333
657,5,49892983,49980085,1,0.03333333333333333
630,5,12835355,15170666,1,0.03333333333333333
1384,10,117210751,120581888,1,0.03333333333333333
1375,10,95214665,96111677,1,0.03333333333333333
1374,10,94291120,95206619,1,0.03333333333333333
1373,10,90757542,94284487,1,0.03333333333333333
1372,10,89773041,90752756,1,0.03333333333333333
1371,10,89707445,89727363,1,0.03333333333333333
1401,10,135142920,135266354,1,0.03333333333333333
1397,10,131846251,134401563,1,0.03333333333333333
1396,10,130867848,131835039,1,0.03333333333333333
430,3,88179775,88662813,1,0.03333333333333333
2253,17,46858804,46875527,1,0.03333333333333333
2252,17,46599943,46826921,1,0.03333333333333333
427,3,87287192,87311658,1,0.03333333333333333
426,3,86304015,87271517,1,0.03333333333333333
425,3,86093476,86238114,1,0.03333333333333333
424,3,84773539,86079447,1,0.03333333333333333
1941,15,91021118,91761159,1,0.03333333333333333
1939,15,88185003,88623472,1,0.03333333333333333
1930,15,76841291,76879936,1,0.03333333333333333
1917,15,59303257,62160322,1,0.03333333333333333
1914,15,57627602,58554678,1,0.03333333333333333
1881,15,18657388,18683110,1,0.03333333333333333
2247,17,45954673,46028196,1,0.03333333333333333
2246,17,45882425,45949667,1,0.03333333333333333
2241,17,45031235,45116870,1,0.03333333333333333
2240,17,44860354,45025420,1,0.03333333333333333
2283,17,53728746,53804295,1,0.03333333333333333
2282,17,53437573,53723036,1,0.03333333333333333
2279,17,52934138,53132322,1,0.03333333333333333
2278,17,52545850,52924636,1,0.03333333333333333
2277,17,52471697,52537392,1,0.03333333333333333
2276,17,52205885,52455229,1,0.03333333333333333
2275,17,52115865,52175252,1,0.03333333333333333
2274,17,52005812,52081036,1,0.03333333333333333
2273,17,51840616,51979165,1,0.03333333333333333
2272,17,51750412,51824981,1,0.03333333333333333
2271,17,51336095,51733282,1,0.03333333333333333
2269,17,50706568,51021357,1,0.03333333333333333
2268,17,50592113,50697800,1,0.03333333333333333
2267,17,50417988,50580013,1,0.03333333333333333
2261,17,48032081,48363259,1,0.03333333333333333
2254,17,46904212,47081558,1,0.03333333333333333
2303,17,56015609,56174508,1,0.03333333333333333
2302,17,55956152,56004159,1,0.03333333333333333
2301,17,55687335,55943778,1,0.03333333333333333
2300,17,55470922,55677345,1,0.03333333333333333
2296,17,55230326,55273077,1,0.03333333333333333
2295,17,55188840,55219333,1,0.03333333333333333
2294,17,55117688,55179325,1,0.03333333333333333
1431,11,32782710,32814911,1,0.03333333333333333
1429,11,31323535,31998955,1,0.03333333333333333
1428,11,29167359,31313660,1,0.03333333333333333
1418,11,14272534,15231551,1,0.03333333333333333
1458,11,55200744,55207305,1,0.03333333333333333
1452,11,49905029,50188427,1,0.03333333333333333
1451,11,48953023,49891798,1,0.03333333333333333
1450,11,48475465,48621072,1,0.03333333333333333
2284,17,53812877,53981104,1,0.03333333333333333
1874,14,105962305,106002179,1,0.03333333333333333
1873,14,105907191,105946993,1,0.03333333333333333
1871,14,105708209,105839439,1,0.03333333333333333
2316,17,58829892,59043189,1,0.03333333333333333
2313,17,58552791,58682708,1,0.03333333333333333
2312,17,58286355,58534378,1,0.03333333333333333
2308,17,57670026,57838106,1,0.03333333333333333
2307,17,57378523,57606291,1,0.03333333333333333
2305,17,56447865,57110595,1,0.03333333333333333
709,5,177429941,178551058,1,0.03333333333333333
708,5,175923647,177416642,1,0.03333333333333333
730,6,1436117,1512043,1,0.03333333333333333
721,6,295212,314420,1,0.03333333333333333
751,6,28803010,29931073,1,0.03333333333333333
750,6,27464061,28756233,1,0.03333333333333333
2304,17,56184200,56439989,1,0.03333333333333333
1866,14,104537408,105080340,1,0.03333333333333333
1865,14,103664534,104533357,1,0.03333333333333333
1864,14,103616696,103656706,1,0.03333333333333333
1863,14,102754037,103609874,1,0.03333333333333333
1862,14,102714748,102744966,1,0.03333333333333333
1861,14,101227712,102699073,1,0.03333333333333333
1582,11,105458461,107398356,1,0.03333333333333333
1581,11,103640528,105452607,1,0.03333333333333333
1577,11,98637002,101368726,1,0.03333333333333333
1576,11,95737778,98627006,1,0.03333333333333333
1449,11,47517219,48452638,1,0.03333333333333333
1447,11,44598006,46364566,1,0.03333333333333333
1441,11,38560995,38781628,1,0.03333333333333333
1440,11,37873219,38519214,1,0.03333333333333333
1439,11,37466023,37830303,1,0.03333333333333333
1875,14,106017453,106212061,1,0.03333333333333333
1856,14,95084499,96542228,1,0.03333333333333333
1851,14,74430822,76554876,1,0.03333333333333333
1843,14,67338747,67711611,1,0.03333333333333333
763,6,32672983,32702995,1,0.03333333333333333
762,6,32634044,32660090,1,0.03333333333333333
761,6,32605300,32629848,1,0.03333333333333333
759,6,32123032,32519935,1,0.03333333333333333
758,6,31564655,32119501,1,0.03333333333333333
757,6,31395330,31558079,1,0.03333333333333333
756,6,30100446,31385778,1,0.03333333333333333
755,6,30040917,30081128,1,0.03333333333333333
754,6,30021894,30031367,1,0.03333333333333333
2331,17,62251943,62478561,1,0.03333333333333333
413,3,75546791,75799957,1,0.03333333333333333
1870,14,105654998,105693581,1,0.03333333333333333
1868,14,105343150,105584008,1,0.03333333333333333
748,6,26071233,26265245,1,0.03333333333333333
769,6,37375174,39260751,1,0.03333333333333333
768,6,35344147,37360148,1,0.03333333333333333
765,6,32732764,32738443,1,0.03333333333333333
1569,11,83733321,85064586,1,0.03333333333333333
1568,11,82872781,83724262,1,0.03333333333333333
1565,11,81383435,82269855,1,0.03333333333333333
1560,11,78706656,79810606,1,0.03333333333333333
1550,11,76252638,76364917,1,0.03333333333333333
1549,11,76195288,76242978,1,0.03333333333333333
1541,11,73731262,73769533,1,0.03333333333333333
1540,11,73550091,73719108,1,0.03333333333333333
1535,11,71861247,72016501,1,0.03333333333333333
1534,11,71413035,71844216,1,0.03333333333333333
1860,14,99643257,101201692,1,0.03333333333333333
1859,14,98140447,99640922,1,0.03333333333333333
1818,14,40566575,40779816,1,0.03333333333333333
1817,14,38908039,40550969,1,0.03333333333333333
1816,14,37627931,38890108,1,0.03333333333333333
1815,14,37489099,37598648,1,0.03333333333333333
1814,14,36483547,37475298,1,0.03333333333333333
1813,14,35347136,36478421,1,0.03333333333333333
771,6,39777677,40701218,1,0.03333333333333333
770,6,39271467,39767959,1,0.03333333333333333
789,6,62663640,63048821,1,0.03333333333333333
788,6,62077839,62654445,1,0.03333333333333333
779,6,50933781,52204787,1,0.03333333333333333
775,6,45107837,47047807,1,0.03333333333333333
774,6,44758471,45096253,1,0.03333333333333333
773,6,42836838,44732805,1,0.03333333333333333
2367,17,73649740,73971775,1,0.03333333333333333
2366,17,73165986,73645820,1,0.03333333333333333
942,7,57387971,57475215,1,0.03333333333333333
941,7,57241696,57368798,1,0.03333333333333333
940,7,57189719,57228014,1,0.03333333333333333
939,7,56286058,57178083,1,0.03333333333333333
938,7,55487428,56267830,1,0.03333333333333333
937,7,54100285,55448490,1,0.03333333333333333
1837,14,54705831,57591863,1,0.03333333333333333
1830,14,50389482,50946632,1,0.03333333333333333
1828,14,49379507,49689536,1,0.03333333333333333
1827,14,48795558,49374177,1,0.03333333333333333
1826,14,48586397,48763420,1,0.03333333333333333
1824,14,46180088,47520893,1,0.03333333333333333
1822,14,43571616,44101105,1,0.03333333333333333
1821,14,42076777,43555063,1,0.03333333333333333
1820,14,41479353,42064713,1,0.03333333333333333
1819,14,40812969,41461134,1,0.03333333333333333
1804,14,29606446,30197701,1,0.03333333333333333
1803,14,28746840,29596749,1,0.03333333333333333
1802,14,28684841,28703627,1,0.03333333333333333
1801,14,25973380,28628763,1,0.03333333333333333
1799,14,24937976,25845033,1,0.03333333333333333
1798,14,24282704,24913400,1,0.03333333333333333
1797,14,23931880,24238252,1,0.03333333333333333
96,1,59947024,60037860,1,0.03333333333333333
95,1,58829706,59938549,1,0.03333333333333333
93,1,57359130,58257959,1,0.03333333333333333
87,1,52445317,53651141,1,0.03333333333333333
86,1,51408483,52434446,1,0.03333333333333333
2402,18,10186986,11241899,1,0.03333333333333333
978,7,141470171,141494693,1,0.03333333333333333
951,7,66535305,69489375,1,0.03333333333333333
943,7,57518513,61275990,1,0.03333333333333333
926,7,38239756,38919072,1,0.03333333333333333
921,7,36175211,38060725,1,0.03333333333333333
920,7,34866533,36163174,1,0.03333333333333333
2481,19,20422576,20493401,1,0.03333333333333333
2467,19,14895218,14903239,1,0.03333333333333333
2447,19,2345665,3342864,1,0.03333333333333333
83,1,48974558,49671800,1,0.03333333333333333
81,1,47089264,48831518,1,0.03333333333333333
1812,14,34765550,35332809,1,0.03333333333333333
1811,14,34090931,34754302,1,0.03333333333333333
1810,14,32610323,34077415,1,0.03333333333333333
1809,14,31916282,32600189,1,0.03333333333333333
1808,14,31196070,31906596,1,0.03333333333333333
1807,14,31126706,31187358,1,0.03333333333333333
1806,14,30644343,31109495,1,0.03333333333333333
1805,14,30209271,30636982,1,0.03333333333333333
2553,20,3049358,5225253,1,0.03333333333333333
2529,19,56864309,57628348,1,0.03333333333333333
2527,19,56410023,56795493,1,0.03333333333333333
2515,19,47934635,48237067,1,0.03333333333333333
2512,19,46042726,46073325,1,0.03333333333333333
2498,19,38224496,39390987,1,0.03333333333333333
2495,19,34467144,36255437,1,0.03333333333333333
935,7,50712505,53062228,1,0.03333333333333333
934,7,45749583,50666812,1,0.03333333333333333
933,7,43002620,45737633,1,0.03333333333333333
932,7,42816449,42991793,1,0.03333333333333333
931,7,41557485,42802384,1,0.03333333333333333
930,7,40225102,41541560,1,0.03333333333333333
929,7,39217737,40218063,1,0.03333333333333333
928,7,39118870,39204387,1,0.03333333333333333
927,7,38929655,39109161,1,0.03333333333333333
1785,14,21270813,21347112,1,0.03333333333333333
1784,14,20722830,21262184,1,0.03333333333333333
1783,14,20490129,20705560,1,0.03333333333333333
1781,14,19997548,20406205,1,0.03333333333333333
1778,14,19535787,19582682,1,0.03333333333333333
1768,13,112445277,113373747,1,0.03333333333333333
1767,13,110356442,112440743,1,0.03333333333333333
2572,20,22275591,22680306,1,0.03333333333333333
2571,20,22035853,22233149,1,0.03333333333333333
2570,20,20075088,22015778,1,0.03333333333333333
2569,20,18455112,20061778,1,0.03333333333333333
2565,20,15922383,16680587,1,0.03333333333333333
2564,20,15174690,15904629,1,0.03333333333333333
2560,20,12495273,14729413,1,0.03333333333333333
2559,20,12278907,12478772,1,0.03333333333333333
2557,20,8811572,9761862,1,0.03333333333333333
2593,20,32377973,32691183,1,0.03333333333333333
2592,20,32347885,32368271,1,0.03333333333333333
2591,20,31959170,32340304,1,0.03333333333333333
2588,20,31617099,31739691,1,0.03333333333333333
2587,20,31568653,31606234,1,0.03333333333333333
2582,20,29761480,29773185,1,0.03333333333333333
2581,20,29306447,29750304,1,0.03333333333333333
2577,20,25557493,25821065,1,0.03333333333333333
2574,20,23907317,25032355,1,0.03333333333333333
2573,20,22721013,23900883,1,0.03333333333333333
1796,14,23921546,23927104,1,0.03333333333333333
1795,14,22765734,23911039,1,0.03333333333333333
1794,14,22554737,22735063,1,0.03333333333333333
1793,14,22259312,22545671,1,0.03333333333333333
1791,14,22046097,22052799,1,0.03333333333333333
1790,14,22022060,22034704,1,0.03333333333333333
906,7,8511989,9779500,1,0.03333333333333333
905,7,6613548,8499980,1,0.03333333333333333
1766,13,109743699,110348566,1,0.03333333333333333
1765,13,106116697,109738959,1,0.03333333333333333
1764,13,98419519,106107051,1,0.03333333333333333
1763,13,97862194,98405672,1,0.03333333333333333
1762,13,95405316,97851786,1,0.03333333333333333
1761,13,93513108,95399913,1,0.03333333333333333
1760,13,92654560,93502798,1,0.03333333333333333
1755,13,78769550,84422970,1,0.03333333333333333
1753,13,73137009,77218661,1,0.03333333333333333
1752,13,72745928,73112108,1,0.03333333333333333
1751,13,71966568,72723325,1,0.03333333333333333
1747,13,66749878,67487718,1,0.03333333333333333
904,7,5880057,6557968,1,0.03333333333333333
2595,20,33373252,33634683,1,0.03333333333333333
1597,12,435020,444988,1,0.03333333333333333
1594,12,215726,229742,1,0.03333333333333333
1593,12,85118,207283,1,0.03333333333333333
903,7,5568142,5872292,1,0.03333333333333333
902,7,5143987,5560058,1,0.03333333333333333
901,7,5087337,5134464,1,0.03333333333333333
900,7,1298612,5058944,1,0.03333333333333333
899,7,513901,1288296,1,0.03333333333333333
898,7,461136,511452,1,0.03333333333333333
897,7,294016,413795,1,0.03333333333333333
896,7,140213,293548,1,0.03333333333333333
889,6,162157607,165672936,1,0.03333333333333333
2617,20,45232779,46038929,1,0.03333333333333333
919,7,33245804,34851233,1,0.03333333333333333
917,7,31405675,32503234,1,0.03333333333333333
907,7,9788539,11165483,1,0.03333333333333333
879,6,153949019,154030184,1,0.03333333333333333
874,6,151271304,151882964,1,0.03333333333333333
2678,21,31734621,32578981,1,0.03333333333333333
2677,21,30286344,31727064,1,0.03333333333333333
1738,13,52653413,54815215,1,0.03333333333333333
1737,13,52072865,52628327,1,0.03333333333333333
1736,13,51943586,52065165,1,0.03333333333333333
1735,13,47948924,51937853,1,0.03333333333333333
1733,13,45269295,47682284,1,0.03333333333333333
1732,13,42053349,45262389,1,0.03333333333333333
1731,13,41384251,42045671,1,0.03333333333333333
1602,12,7930382,8009244,1,0.03333333333333333
1601,12,7894681,7915622,1,0.03333333333333333
1600,12,5997138,7884886,1,0.03333333333333333
1599,12,5291289,5981041,1,0.03333333333333333
1598,12,456875,5263685,1,0.03333333333333333
1653,12,62807597,63330914,1,0.03333333333333333
1648,12,54887816,57494566,1,0.03333333333333333
2683,21,35143936,35153895,1,0.03333333333333333
2682,21,35123433,35138169,1,0.03333333333333333
883,6,158040459,159976570,1,0.03333333333333333
1585,11,114680825,118110180,1,0.03333333333333333
1583,11,107409719,109050102,1,0.03333333333333333
1730,13,40795287,41378403,1,0.03333333333333333
1727,13,33699769,34223960,1,0.03333333333333333
1726,13,33392362,33669143,1,0.03333333333333333
1716,13,23214658,23713317,1,0.03333333333333333
1715,13,21261016,23202349,1,0.03333333333333333
1707,13,5179,123882,1,0.03333333333333333
1683,12,90696859,92322330,1,0.03333333333333333
1679,12,85986743,87258350,1,0.03333333333333333
880,6,154071207,155530077,1,0.03333333333333333
2717,22,21858001,22597688,1,0.03333333333333333
2716,22,20906896,21844483,1,0.03333333333333333
2714,22,19886024,20632137,1,0.03333333333333333
2713,22,19209122,19829912,1,0.03333333333333333
2712,22,17398378,19199401,1,0.03333333333333333
2711,22,17343445,17385003,1,0.03333333333333333
2708,22,16710421,17036278,1,0.03333333333333333
2707,22,16482888,16702519,1,0.03333333333333333
2706,22,15630903,16476727,1,0.03333333333333333
2705,22,15579496,15599936,1,0.03333333333333333
1675,12,82881635,83804633,1,0.03333333333333333
1674,12,77023447,82859962,1,0.03333333333333333
1663,12,70462057,70560603,1,0.03333333333333333
1656,12,64727853,66012212,1,0.03333333333333333
1655,12,63574243,64694907,1,0.03333333333333333
1654,12,63340667,63566937,1,0.03333333333333333
2831,23,153504394,153933426,1,0.03333333333333333
2832,23,153938998,153989329,1,0.03333333333333333
2809,23,91234699,91344716,1,0.03333333333333333
2807,23,90837054,90936838,1,0.03333333333333333
2804,23,89922998,90087775,1,0.03333333333333333
3,1,471671,786483,1,0.03333333333333333
4,1,792533,907406,1,0.03333333333333333
5,1,912799,1266212,1,0.03333333333333333
20,1,3136815,3137481,1,0.03333333333333333
6,1,1271190,1590570,1,0.03333333333333333
7,1,1676445,1703748,1,0.03333333333333333
2820,23,140416671,144045173,1,0.03333333333333333
2819,23,132998038,140285388,1,0.03333333333333333
2818,23,131385521,132949963,1,0.03333333333333333
2817,23,122417938,131366673,1,0.03333333333333333
2816,23,108169857,122414714,1,0.03333333333333333
211,1,158747329,164242059,1,0.03333333333333333
1240,9,39157302,39244329,1,0.03333333333333333
1239,9,38805416,39141696,1,0.03333333333333333
1236,9,37932049,38449475,1,0.03333333333333333
1235,9,37266871,37926418,1,0.03333333333333333
1234,9,36418729,37260341,1,0.03333333333333333
1233,9,35872626,36409434,1,0.03333333333333333
1232,9,34654682,35861568,1,0.03333333333333333
220,1,179581225,181371569,1,0.03333333333333333
1270,9,121348401,124114869,1,0.03333333333333333
1269,9,116267033,121337857,1,0.03333333333333333
1259,9,99783218,100123514,1,0.03333333333333333
1257,9,96913301,97624504,1,0.03333333333333333
1256,9,93384891,96903882,1,0.03333333333333333
1255,9,84778612,93377703,1,0.03333333333333333
2743,22,37717564,37801946,1,0.03333333333333333
